order,urban_rural,landuse_id,landuse_description,manual_label
125159,1,6,2 IGREJA BATISTA,"IGREJAS, TEMPLOS E ATIVIDADES RELIGIOSAS"
338466,1,6,2 IGREJA DE DEUS,"IGREJAS, TEMPLOS E ATIVIDADES RELIGIOSAS"
269155,1,6,2 IGREJA PENTESCOSTAL O BRASIL PARA CRIS,"IGREJAS, TEMPLOS E ATIVIDADES RELIGIOSAS"
215222,1,6,2 IGREJA PRESBITERIANA,"IGREJAS, TEMPLOS E ATIVIDADES RELIGIOSAS"
164380,1,6,2 IGREJA PRESBITERIANA NOVA ESPERANCA,"IGREJAS, TEMPLOS E ATIVIDADES RELIGIOSAS"
234140,1,6,2 IRMAES VARIEDADES,- - COMÉRCIO VAREJISTA NÃO ESPECIALIZADO
506052,1,6,2 IRMAOS MATERIAIS DE CONSTRUCAO,- - COMÉRCIO VAREJISTA DE MATERIAL DE CONSTRUÇÃO
413751,1,6,2 IRMAOS PNEUS E RODAS,
485332,1,6,2 LOJAS,- - COMÉRCIO VAREJISTA DE PRODUTOS NOVOS NÃO ESPECIFICADOS ANTERIORMENTE E DE PRODUTOS USADOS
52471,1,6,2 LOJAS VAGAS E IGREJA CRISTA MARANATA,DESOCUPADO
375226,1,6,2 NUMEROS NA MESMA CASA,
567708,2,3,2 PAIOL,
579020,2,6,2 PAIOL E CASA DE MAQUINAS,
562331,1,6,2 PARTE DA PANIFICADOURA,
468295,1,6,2 REGISTRO CIVIL E TABELIONATOS DE NOTAS,"ATIVIDADES PROFISSIONAIS, CIENTÍFICAS E TÉCNICAS"
35621,2,3,2 ROSADO DE MILHO,
267025,2,3,2 SALOES,
406774,2,6,2 SALOES PARA FAZER CILAGEM,
280043,1,6,2 SALSS COMERCIAIS,
256374,1,6,2 TABELIAO DE NOTAS DE SANTO ANDRE,
420905,1,6,2 TABELIAO DE NOTAS E DE PROTESTO DE LET,
85439,1,6,2 TABELIONATO DE NOTAS,"ATIVIDADES PROFISSIONAIS, CIENTÍFICAS E TÉCNICAS"
414423,1,6,20 DELEGACIA D POLICIA,"ADMINISTRAÇÃO PÚBLICA, DEFESA E SEGURIDADE SOCIAL"
467729,1,6,2000 MULTIMARCAS,
136415,1,6,20V LANCHES,
321186,1,6,22 BATALHAO DE POLICIA MILITAR,"ADMINISTRAÇÃO PÚBLICA, DEFESA E SEGURIDADE SOCIAL"
413684,1,6,22 BPM,"ADMINISTRAÇÃO PÚBLICA, DEFESA E SEGURIDADE SOCIAL"
201864,1,6,22 MESMO EN DA FAINO BORALE,
548203,1,6,22 VARA CIVEL,
278182,1,6,23 CIRETRAN,
108270,1,6,23 JUNTA DE SERVICO MILITAR,
455973,1,6,235 BAZAR,
489932,1,6,24 LINK ASSIST TEC INSTALACAO DE ALARMES,
527706,1,6,25 BATALHAO DE POLICIA MILITAR,
384792,1,6,25 COMERCIO DE ROUPAS,
350281,1,6,25 DELEGACIA REGIONAL DE POLICIA,
23322,1,6,27 PAPET PRINT,
167825,1,6,277 CASAS PRE FABRICADAS,
532263,2,3,2A GRANJA,
377417,1,6,2A MATERIAIS ELETRICOS,
535485,2,3,2CHIQUEIROS  PRODUCAO DE OVOS,
87932,1,6,2EM1 MODAS,
362519,2,3,2ESTUFA COM BARRACAO PAIOL,
519161,1,6,2ML GRAFICA EXPRESSA,
346741,2,3,2PAIOL ESTUFA C BARRACAO GALINGEIRO MANG,
251749,1,6,3 CARTORIO DE NOTAS,"ATIVIDADES PROFISSIONAIS, CIENTÍFICAS E TÉCNICAS"
147982,2,3,3 CASA AS ESQUER DEP D ESQU DA 2 EIX,
396003,2,3,3 CASAS 1 CURRAL 1 BARRACAO,
160949,2,3,3 CHIQUEIRO,
245439,1,6,3 CIA DA POLICIA MILITAR,"ADMINISTRAÇÃO PÚBLICA, DEFESA E SEGURIDADE SOCIAL"
352622,1,6,3 CIA DO 13 BATALHAO,"ADMINISTRAÇÃO PÚBLICA, DEFESA E SEGURIDADE SOCIAL"
54061,1,6,3 CIA POLICIA MILITAR,"ADMINISTRAÇÃO PÚBLICA, DEFESA E SEGURIDADE SOCIAL"
243959,1,6,3 COMP DO 11 BATALHAO POLICIAL,"ADMINISTRAÇÃO PÚBLICA, DEFESA E SEGURIDADE SOCIAL"
182727,1,6,3 DIESEL,
559920,1,6,3 DISTRITO POLICIAL 1 DELEGACIA DE POLIC,"ADMINISTRAÇÃO PÚBLICA, DEFESA E SEGURIDADE SOCIAL"
575531,1,6,3 ESTRELAS,
275656,2,3,3 ESTUFAS DE FUMO E 1 GALPAO,
570026,1,6,3 I ESQUADRIAS,
453726,1,6,3 IGREJA PRESBETERIANA DO BRASIL,
426021,1,6,3 IRMAOS,
153937,1,6,3 J ENGENHARIA,
279696,1,6,3 JOTA SUPERMERCADO,
182189,1,6,3 LOTES VAGOS,
560644,1,6,3 PELOTAO CUMARU,"ADMINISTRAÇÃO PÚBLICA, DEFESA E SEGURIDADE SOCIAL"
269526,2,3,3 RITIRO DA FAZENDA RIO MARIA,
298464,1,6,3 ROCHA,
67560,1,6,3 SALAS COMERCIAIS,
303716,1,5,3 SALAS DE ODONTOLOGIA,
345033,1,6,30 HS DISTRIBUIDORA,
81053,1,6,32 BATALHAO DO EXERCITO,
155642,2,4,34E678 SERIE CASA RURAL,
400158,2,3,35M A ESQUERDA DA CASA N52,
396785,1,6,36 GRUPO DE ESCOTEIROS,
128723,1,6,3C CARTUCHOS E VARIEDADES,
79624,1,6,3D FABRICA DE MOVEIS,
222238,1,6,3ECRITORIO DE CONTABILIDADE,
294142,1,6,3FUNELARIA,
489501,1,6,3K LANCHES,
544089,1,6,3L3,
124505,1,6,3M BEBIDAS,
385341,1,6,3MS BEBIDAS DESTRIBUIDORA DE BEBIDAS,
303852,1,6,3O5 CIRETRAN PATIO ITARIRI E PEDRO DE TO,
77302,1,6,3R CONFECCOES,
209742,1,6,3R DO BRASIL,
310080,1,6,3R FRIOS,
460932,1,6,3STACIONAMENO E LAVA RAPIDO,
183904,1,6,3WS TRANSPORTE E LOGISTICA LIMITADA,
186608,1,6,4  R  VEICULOS,
92982,2,6,4 BAIAS CAVALOS,
528465,1,6,4 BATALHAO DE POLICIA MILITAR,
4801,1,6,4 CARTORIO DE NOTAS,"ATIVIDADES PROFISSIONAIS, CIENTÍFICAS E TÉCNICAS"
21759,1,6,4 ESTACOES,
275739,1,6,4 ESTACOES TOLDOS,NÃO DEFINIDO
265295,2,3,4 ESTREBARIA CHIQUEIRO GALINHEIRO,
261393,2,3,4 ESTUFAS E 2 GALPOES DE FUMO,
283225,2,6,4 GRANJAS DA PERDIGAO,
276111,1,6,4 GREEC,
86810,1,6,4 JS MODAS E BIJU,
236227,1,6,4 JUIZADO ESPECIAL,
290335,1,6,4 LINHAS AUTO PECAS LTDA,
282982,1,6,4 PATAS PETSHOP,- - COMÉRCIO VAREJISTA DE PRODUTOS NOVOS NÃO ESPECIFICADOS ANTERIORMENTE E DE PRODUTOS USADOS
300242,1,6,4 PELOTAO DA POLICIA MILITAR,"ADMINISTRAÇÃO PÚBLICA, DEFESA E SEGURIDADE SOCIAL"
458379,1,6,4 RODAS SOM E ALARMES,
285196,2,4,4 SERIE ENSINO FUNDAMENTAL,
226831,1,6,4 TEMPOS MOTORSPORT,
548218,1,6,40 CARTORIO REGISTRO CIVIL BRASILANDIA,"ATIVIDADES PROFISSIONAIS, CIENTÍFICAS E TÉCNICAS"
85070,1,6,40 GRAUS CABELEREIRO,
251594,1,6,4A CONFECCOES E UNIFORMES,
70868,1,6,4A INFORMATICA,
470587,2,3,4TFDF,
35126,1,6,5 A SEC,
505918,1,6,5 CIA DA POLICIA MILITAR,
245597,1,6,5 CINCO,
51935,1,6,5 IGREJA ASSEMBLEIA DE DEUS,
485127,1,6,5 OFICIO DE NOTAS CARTORIO,"ATIVIDADES PROFISSIONAIS, CIENTÍFICAS E TÉCNICAS"
348100,1,6,5 PONTOS COMERCIAIS,
196568,1,6,5 SALAS COMERCIAIS,
136603,1,6,54 IGREJA DO EVANGELIO QUADRANGULAR,
360192,1,6,5A RODA PNEUS,
464043,1,6,5ALAO DE BELESA,
139760,1,6,5D,
547767,2,3,5ITIO  HERES SACHETTE,"AGRICULTURA, PECUÁRIA, PRODUÇÃO FLORESTAL, PESCA E AQUICULTURA"
103314,1,6,6 0 GRUPAMENTO DE BOMBEIRO,"ADMINISTRAÇÃO PÚBLICA, DEFESA E SEGURIDADE SOCIAL"
402172,1,6,6 BATALHAO DE POLICIA MILITAR,"ADMINISTRAÇÃO PÚBLICA, DEFESA E SEGURIDADE SOCIAL"
247848,1,6,6 DRP ITUMBIARA,"ADMINISTRAÇÃO PÚBLICA, DEFESA E SEGURIDADE SOCIAL"
177402,1,6,6 IGREJA O BRASIL PARA CRISTO,"IGREJAS, TEMPLOS E ATIVIDADES RELIGIOSAS"
301080,1,6,6 JUIZADO CIVIL E DAS RELACOES DE CONSUM,
95906,1,6,6 LOJAS COMERCIAIS,- - COMÉRCIO VAREJISTA DE PRODUTOS NOVOS NÃO ESPECIFICADOS ANTERIORMENTE E DE PRODUTOS USADOS
474282,1,6,6 OFICIO DE NOTAS,
256478,1,6,60 CIRETRAN,
171832,1,6,62 CIRETRAN,
464659,1,6,6J,
413849,1,6,7 BATAHAO DE POLCIA MILITAR,
357092,1,6,7 DELEGACIA DE SERVICO MILITAR,
205590,1,6,7 INSPETORIA REGIONAL DE ENSINO,
376896,1,6,700 GAUSS,NÃO DEFINIDO
293671,2,3,7000 EUCALIPTUS,
178173,1,6,702 E 602 MESMA MORADA,
116306,1,6,764 AUTOMOVEIS,
237936,1,6,765 DEPOSITO BEBIDA,
40904,1,6,7CAR MULTIMARCA,
504269,1,6,7HO DE GENEROS ALIMENTICIOS,
291967,1,6,7MERCEARIA COMERCIO DE SECOS E MOLHADO,"- - - COMÉRCIO VAREJISTA DE MERCADORIAS EM GERAL, COM PREDOMINÂNCIA DE PRODUTOS ALIMENTÍCIOS - MINIMERCADOS, MERCEARIAS E ARMAZÉNS"
335853,1,6,7NDUSTRIA METALURGICA,
579040,1,6,8 CB CORPO DE BOMBEIRO,"ADMINISTRAÇÃO PÚBLICA, DEFESA E SEGURIDADE SOCIAL"
411486,1,6,85 BATALHAO DE POLICIA,"ADMINISTRAÇÃO PÚBLICA, DEFESA E SEGURIDADE SOCIAL"
562351,2,3,88 47 30 71,
131118,1,6,89 DISTRITO POLICIAL DE CORURIPE,
492863,1,6,8AR E MERCEARIA,"- - - COMÉRCIO VAREJISTA DE MERCADORIAS EM GERAL, COM PREDOMINÂNCIA DE PRODUTOS ALIMENTÍCIOS - MINIMERCADOS, MERCEARIAS E ARMAZÉNS"
115996,1,6,9 BATALHAO PM,
578182,1,6,9 CARTORIO DE REGISTRO CIVIL,"ATIVIDADES PROFISSIONAIS, CIENTÍFICAS E TÉCNICAS"
202041,1,6,9 COMPANHIA DE POLICIA MLITAR,
179439,1,6,9 SALAS DE CORETORES DE SEGURO PORTO SEG,
227307,1,6,92 FM,INFORMAÇÃO E COMUNICAÇÃO
18016,2,3,A,"AGRICULTURA, PECUÁRIA, PRODUÇÃO FLORESTAL, PESCA E AQUICULTURA"
86323,2,6,A,NÃO DEFINIDO
248340,1,6,A   VENDA,
386118,1,6,A  PARA FESTA,
414127,1,6,A 1000LTON LANCHES,
369236,1,6,A A,NÃO DEFINIDO
463414,1,6,A A Z PRESENTES,
413219,1,6,A ALUGAR,
202700,1,6,A ARTIP,
317016,1,6,A ASSISTENCIA TECNICA DE ELETRO DOMESTIC,
374974,1,6,A BAGUNCA,
11882,1,6,A BARATEIRA DAS FESTAS,
535160,1,6,A BOTICA,"- - COMÉRCIO VAREJISTA DE PRODUTOS FARMACÊUTICOS, PERFUMARIA E COSMÉTICOS E ARTIGOS MÉDICOS, ÓPTICOS E ORTOPÉDICOS"
148136,1,6,A BRASILEIRA CONFECCOES,
276189,1,6,A BURGUER,
7854,1,6,A BURITI LAR MOVEIS,
95334,1,6,A C PECAS E ACESSORIOS,
427443,1,6,A CACULINHA LOTERIAS,
341878,1,6,A CAL SERIDO,
385078,1,6,A CASA DO BOLO,
441381,1,6,A CASA DO GESSO,
463725,1,6,A CASA DO LADO COMPROU E AS JUNTOU,
395918,1,6,A CASA DO SERRALHEIRO,
551543,1,6,A CASA DOS MOVEIS,
309755,1,6,A CASA ESTA SITUADA NA RUA JOSE BITTENCO,
165092,1,6,A CASINHA,
178134,1,6,A COLEGIAL CALSADOS,
118949,1,6,A COM COMPUTADORES,
522829,1,6,A COMERCA REGIONAL,
553209,1,6,A CONCEPT IN FASHION LOJA DE ROUPAS,- - COMÉRCIO VAREJISTA DE PRODUTOS NOVOS NÃO ESPECIFICADOS ANTERIORMENTE E DE PRODUTOS USADOS
4690,1,6,A COOPERFIL,
440486,1,6,A COSTA EMPREENDMENTOS,
201499,1,6,A COZINHA DA CASA,- - COMÉRCIO VAREJISTA DE EQUIPAMENTOS DE INFORMÁTICA E COMUNICAÇÃO; EQUIPAMENTOS E ARTIGOS DE USO DOMÉSTICO
219947,1,6,A CREDINORTE,
81074,1,6,A CREDINORTE MOVEIS,- - COMÉRCIO VAREJISTA DE EQUIPAMENTOS DE INFORMÁTICA E COMUNICAÇÃO; EQUIPAMENTOS E ARTIGOS DE USO DOMÉSTICO
267361,1,6,A CREDINORTR MOVEIS,- - COMÉRCIO VAREJISTA DE EQUIPAMENTOS DE INFORMÁTICA E COMUNICAÇÃO; EQUIPAMENTOS E ARTIGOS DE USO DOMÉSTICO
297804,1,6,A CRIACAO,
316405,2,3,A CRIACAO DE GADO,
324794,1,6,A CUTIA LOTERIAS,
190412,1,6,A D ANGELO TEXTEIS ME CONFECCAO,
258942,1,6,A D GRAFICA,
364353,1,6,A DATALINK,
373249,1,4,A DE EDUCACAO INFANTIL,
440945,1,6,A DEFINIR,
188686,1,6,A DIA AR CONDICIONADO,
25365,1,6,A DIOGO COMERCIO DE FERRAGENS LTDA,
293018,1,6,A E A LOCACAO DE MESAS,
158597,1,6,A E A MODAS,- - COMÉRCIO VAREJISTA DE PRODUTOS NOVOS NÃO ESPECIFICADOS ANTERIORMENTE E DE PRODUTOS USADOS
378945,1,6,A E B PAPELARIA,"- - COMÉRCIO VAREJISTA DE ARTIGOS CULTURAIS, RECREATIVOS E ESPORTIVOS"
528477,1,6,A E C CONTABILIDADE,
396329,1,6,A E M ADEGA RIO GRANDE,
71031,1,6,A E M COERCIAL DE BEBIDAS,
228324,1,6,A E M DIGITAL,
66291,1,6,A E N MODAS,
356407,1,6,A ECONOMICA TECIDOS,
470536,1,6,A EFICAZ COBRANCA LTDA,
163673,1,6,A ESCOLAR,
290320,1,6,A ESTUDANTIL CENTRAL DE COPIAS,
401586,1,6,A EVANGELICA CONFECCOES,- - COMÉRCIO VAREJISTA DE PRODUTOS NOVOS NÃO ESPECIFICADOS ANTERIORMENTE E DE PRODUTOS USADOS
503297,1,6,A F COMERCIO MATEIAL CONSTRUCAO,- - COMÉRCIO VAREJISTA DE MATERIAL DE CONSTRUÇÃO
343717,1,6,A FANTASTICA UTILITARIOS,- - COMÉRCIO VAREJISTA DE PRODUTOS NOVOS NÃO ESPECIFICADOS ANTERIORMENTE E DE PRODUTOS USADOS
280898,1,6,A FAVORITA CONFECCOES,- - COMÉRCIO VAREJISTA DE PRODUTOS NOVOS NÃO ESPECIFICADOS ANTERIORMENTE E DE PRODUTOS USADOS
271650,1,6,A FAVORITA PRESENTES,- - COMÉRCIO VAREJISTA DE PRODUTOS NOVOS NÃO ESPECIFICADOS ANTERIORMENTE E DE PRODUTOS USADOS
562104,1,6,A FAZENDINHA,
396097,1,6,A FEDERAL,
9297,1,6,A FESTIVA BOMBONIERE,
345858,1,6,A FLOR DO PRADO,
487429,1,6,A FRIGOCARNE,
536356,1,6,A FRUTEIRA,
58746,1,6,A G DISTRIBUIDORA,
298156,1,6,A G M USINAGEM S ESPECIAIS,
324395,1,6,A G MODAS LOJA DE ROUPAS,- - COMÉRCIO VAREJISTA DE PRODUTOS NOVOS NÃO ESPECIFICADOS ANTERIORMENTE E DE PRODUTOS USADOS
211312,1,6,A GRAVATAENSE,
505553,1,6,A GULOSINHA SANDUICHES E MASSAS,
499600,1,6,A HIDROELETRICA,ELETRICIDADE E GÁS
158198,1,6,A IDEAL TECIDOS,
270511,1,6,A IGREJA DE JESUS CRISTO DOS SANTOS DOS,"IGREJAS, TEMPLOS E ATIVIDADES RELIGIOSAS"
71820,1,6,A IGREJA DO NAZARENO,"IGREJAS, TEMPLOS E ATIVIDADES RELIGIOSAS"
130984,1,6,A IGREJA GEDEOES DE CRISTO,"IGREJAS, TEMPLOS E ATIVIDADES RELIGIOSAS"
270135,1,6,A IGREJA QUE ESTA EM RESTAURACAO ATOS DE,"IGREJAS, TEMPLOS E ATIVIDADES RELIGIOSAS"
101229,1,6,A IMPERATRIZ,
82122,1,6,A INFANTIL TEEN,
162031,1,6,A ITALIANINHA,
156939,1,6,A J DESIGN CABELOS,
461703,1,6,A J GAMES,
112181,1,6,A J MARIANO IMOVEIS,
559753,1,6,A J NORO ELETRONICA,- - COMÉRCIO VAREJISTA DE EQUIPAMENTOS DE INFORMÁTICA E COMUNICAÇÃO; EQUIPAMENTOS E ARTIGOS DE USO DOMÉSTICO
200557,1,6,A JAPONESA,
355249,1,6,A JOVEM LAR DEPOSITO,
572027,1,6,A KOZZINHA,- - COMÉRCIO VAREJISTA DE EQUIPAMENTOS DE INFORMÁTICA E COMUNICAÇÃO; EQUIPAMENTOS E ARTIGOS DE USO DOMÉSTICO
460352,1,6,A L ALMEIDA,
563922,1,6,A L PRESENTES E CONFECCOES,
111540,1,6,A L V MATERIAL DE CONSTRUCAO,- - COMÉRCIO VAREJISTA DE MATERIAL DE CONSTRUÇÃO
347344,1,6,A LINHA CAR CHAPEAMENTO,
474431,1,6,A LOJA DO DEZ A MEXE REMEXE,- - COMÉRCIO VAREJISTA DE PRODUTOS NOVOS NÃO ESPECIFICADOS ANTERIORMENTE E DE PRODUTOS USADOS
182559,1,6,A LOJINHA,- - COMÉRCIO VAREJISTA DE PRODUTOS NOVOS NÃO ESPECIFICADOS ANTERIORMENTE E DE PRODUTOS USADOS
91544,1,6,A M CONFECCOES,
331793,1,6,A MAIS COMUNICACAO VISUAL,
23457,1,6,A MALUQUINHA,
153903,1,6,A MENDES IMOVEIS,
321146,1,6,A MESMA CASA,
193056,1,6,A MESMA CASA 712,
341511,1,6,A MESMA CASA A  B,
222222,1,6,A MESMA CASA DA APERE 806,
455209,1,6,A MESMA CASA DA RUA AO LADO,
72445,1,6,A MESMA CASA DE NUM 69 USO OCASIONAL,
29746,1,6,A MESMA CASA DO N 118 DA MENDONCA JUNIOR,
393833,1,6,A MESMA LAN HAUSE,
394804,1,6,A MESMA LOJA DO NMERO 920,
118105,1,6,A MILIMETRICA,
416714,1,6,A MISCELANIA,
38246,1,6,A MISCLANIA ARMARINHO E PAPELARIA,- - COMÉRCIO VAREJISTA DE EQUIPAMENTOS DE INFORMÁTICA E COMUNICAÇÃO; EQUIPAMENTOS E ARTIGOS DE USO DOMÉSTICO
365344,1,6,A MISS ALINE LOJA ROUPAS FEMININA,- - COMÉRCIO VAREJISTA DE PRODUTOS NOVOS NÃO ESPECIFICADOS ANTERIORMENTE E DE PRODUTOS USADOS
188489,1,6,A MODELAR,
503694,1,6,A MODELINE,
237851,1,6,A MORENSE LOTERIAS,
495554,1,6,A MUNDIAL PINTURA,
414038,1,6,A MUSICAL,
159761,1,6,A NORDESTINA,
527843,1,6,A NOSSA CASA,
224417,1,6,A NOSSA LOJA,- - COMÉRCIO VAREJISTA DE PRODUTOS NOVOS NÃO ESPECIFICADOS ANTERIORMENTE E DE PRODUTOS USADOS
560069,1,6,A NOVA LOJA,- - COMÉRCIO VAREJISTA DE PRODUTOS NOVOS NÃO ESPECIFICADOS ANTERIORMENTE E DE PRODUTOS USADOS
37302,1,6,A NUMERO UM DO ESPORTE,
150943,1,6,A OCULISTA,
83885,1,6,A OURO TINTAS,
68448,1,6,A OUTRA FACE FASHION MODAS,- - COMÉRCIO VAREJISTA DE PRODUTOS NOVOS NÃO ESPECIFICADOS ANTERIORMENTE E DE PRODUTOS USADOS
225685,1,6,A P CABELOS,
535050,1,6,A PAULISTANA CONFECCOES,
399944,2,6,A PEREIRA MANHAES CENTER,
60314,1,6,A PERSEVERANCA,
288760,1,6,A PIONERA MOVEIS,- - COMÉRCIO VAREJISTA DE EQUIPAMENTOS DE INFORMÁTICA E COMUNICAÇÃO; EQUIPAMENTOS E ARTIGOS DE USO DOMÉSTICO
147454,1,6,A PIZZA COM EXPRESS,
112686,1,6,A PODEROSA,
388621,1,6,A POPULAR CONFECCOES,
323660,1,6,A POTENCIA INFORMATICA,
236026,1,6,A PREDILETA TECIDOS,
395744,1,6,A PREFERIDA,
511324,1,6,A PRESTATIVA,
397928,1,6,A PRIMAVERA,
427167,1,6,A PRINCEZINHA LOJA DE ROUPAS,- - COMÉRCIO VAREJISTA DE PRODUTOS NOVOS NÃO ESPECIFICADOS ANTERIORMENTE E DE PRODUTOS USADOS
373525,1,6,A QUESTAO SERVICO,
394379,1,6,A QUITANDINHA,
430420,1,6,A QUITUTEIRA,
499536,1,6,A R A MARCENARIA,
131193,1,6,A R COMERCIAL,
423715,1,6,A R L S FRATENIDADE CAMPINEIRA,
251813,1,6,A RADIO CASA NOVA FM,
48881,1,6,A REAL TATTOO,
246712,1,6,A RIGOR ALUGUEL DE ROUPAS,
203627,1,6,A S R ELETR GAMES,
499339,1,6,A SALVADORA,
203375,2,3,A SEDE DE PISCICULTURA,
230680,1,6,A SER ALUGADOANTIGO ESTABELECIMENTO DE E,
278127,1,6,A SERTANEJA,
231975,1,6,A SHCEFER UTILIDADES,
30382,1,6,A SOBERANO,
26636,1,6,A SU SALUD DANCA SAUDE E MOVIMENTO,
411275,1,6,A TAVARES COLCHAO,
85074,1,6,A TECNICA,
415948,1,6,A VELOZ DIST DE PECAS ELETRICAS,
268433,1,6,A VENCEDORA,
414258,1,6,A VENDA,
334294,1,6,A VENDA SEM DENOMINADAO,
266246,1,6,A VER,
279254,1,6,A VEREDALANCHONETE BOCA D,
8727,1,6,A VIA PIZZA RESTAURANTE SELF SERVICE,
331436,1,6,A VIANA DA SILVA CURSO LIVRE C N A,
380699,1,6,A VIRGEM CONFECCOES,
161365,1,6,A VOZ DO TAQUARI VAGO,
443782,1,6,A1 IMPRESSAO DIGITAL,
312618,1,6,A3 INDUSTRIA TEXTIL,
283590,1,6,A4 RECUPERADORA,
26109,1,6,A4 SERVICOS,
380552,1,6,AA,
243265,1,6,AA MENEZES BARROS,
57933,1,6,AA SEGUNDA IGREJA BATISTA EM PAR ESTORIL,
106111,1,6,AAA,
504837,1,6,AAAAAAA,
340569,1,6,AAAD     DIANA,
288147,1,6,AAANSEERVIPL,
25462,1,6,AABASTECIMENTO DE AGUA,
40344,2,6,AABB,
26824,1,6,AABB ASSOCIACAO ATLETICA DO BANCO DO BRA,
232799,1,4,AABB COMUNIDADE,
472653,1,6,AACADEMI,
72745,1,6,AACOSAC,
217084,1,6,AACSASSOCIACAO DOS AGENTES COMUNITARIOS,
423864,1,6,AAEMIA RAIA LIVRE,
73821,1,6,AALA0,
436452,1,6,AALAO DE BELEZ,
575150,1,6,AALAO DE BELEZA,
238,1,6,AAOFICIN,
209494,1,6,AAPCC,
406386,1,6,AAPERGS,
330950,2,3,AATIVIDADES AGROECUARIAS,
256040,1,6,AAUTO ELETRIC,
276905,1,6,AAUTO PECAS PIRAJUSSA,
447487,1,6,AAVR,
342342,1,6,AB CURSOS PREV,
89198,1,6,AB FLEX,
171353,1,6,AB0 ASSOCIACAO BRASILEIRA DE ODONTOLOGIA,
316776,1,6,ABA FILM,
234568,1,6,ABA IMOVEIS,
135408,1,6,ABABDONADO,DESOCUPADO
453524,1,6,ABACATINHO REFRIGERANTES,"- - COMÉRCIO VAREJISTA DE PRODUTOS ALIMENTÍCIOS, BEBIDAS E FUMO"
160458,2,3,ABACAXI,
164936,1,6,ABACOS CONABILIDADE,
200758,1,6,ABAETE COSMETICOS,
116055,1,6,ABAETE PLACAS,
311451,2,3,ABAIA DE CAVALOS E BOI,
160635,1,6,ABAMDPNADO,DESOCUPADO
23812,1,6,ABANDONADA,DESOCUPADO
282514,2,4,ABANDONADA,DESOCUPADO
73814,1,6,ABANDONADO,DESOCUPADO
249983,2,3,ABANDONADO,DESOCUPADO
50615,1,6,ABANDONADO FECHADO,DESOCUPADO
103915,1,6,ABAP,
433511,1,6,ABAREDOURO,
552244,1,6,ABARRACA DE GULOSEIMAS E TIARAS PARA CAB,
160232,1,6,ABAS CONSTRUCOES,CONSTRUÇÃO
114721,1,6,ABASE TELECON,INFORMAÇÃO E COMUNICAÇÃO
217263,1,6,ABASSA DE VEMANJA CONSULTA ESPIRITUAL,"IGREJAS, TEMPLOS E ATIVIDADES RELIGIOSAS"
137606,1,6,ABASTECEDOR COMBUSTIVEL LOMBA GRANDE,- - COMÉRCIO VAREJISTA DE COMBUSTÍVEIS PARA VEÍCULOS AUTOMOTORES
341324,1,6,ABASTECEDORA COMBUSTIVEIS,- - COMÉRCIO VAREJISTA DE COMBUSTÍVEIS PARA VEÍCULOS AUTOMOTORES
296118,2,6,ABASTECEDORA DE AGUA,"ÁGUA, ESGOTO, ATIVIDADES DE GESTÃO DE RESÍDUOS E DESCONTAMINAÇÃO"
430255,1,6,ABASTECEDORA DE BOMBAS BERKEN,
27602,1,6,ABASTECEDORA DE COMBUSTIVEIS,- - COMÉRCIO VAREJISTA DE COMBUSTÍVEIS PARA VEÍCULOS AUTOMOTORES
383971,1,6,ABASTECEDORA PONTE SECA IPIRANGA,
48729,1,6,ABASTECIMENTO DE AGUA,"ÁGUA, ESGOTO, ATIVIDADES DE GESTÃO DE RESÍDUOS E DESCONTAMINAÇÃO"
312734,1,6,ABASTECIMENTO DE AGUA DO MUNICIPIO DE PO,"ÁGUA, ESGOTO, ATIVIDADES DE GESTÃO DE RESÍDUOS E DESCONTAMINAÇÃO"
335361,1,6,ABASTECIMENTO DE AGUA MUNICIPAL,"ÁGUA, ESGOTO, ATIVIDADES DE GESTÃO DE RESÍDUOS E DESCONTAMINAÇÃO"
115621,1,6,ABASTECIMENTO DE AGUA PUBLICA MUNICIPAL,"ÁGUA, ESGOTO, ATIVIDADES DE GESTÃO DE RESÍDUOS E DESCONTAMINAÇÃO"
36197,1,6,ABASTECIMENTO DE AGUA SABESP,"ÁGUA, ESGOTO, ATIVIDADES DE GESTÃO DE RESÍDUOS E DESCONTAMINAÇÃO"
351017,1,6,ABASTECIMENTO DE CARNE,
480880,1,6,ABASTECIMENTO DE COMBUSTIVEL E LACHONETE,- - COMÉRCIO VAREJISTA DE COMBUSTÍVEIS PARA VEÍCULOS AUTOMOTORES
48801,1,6,ABATE,INDÚSTRIAS DE TRANSFORMAÇÃO
487421,2,6,ABATE BOVINOS,INDÚSTRIAS DE TRANSFORMAÇÃO
444000,1,6,ABATE DE FRANGO,INDÚSTRIAS DE TRANSFORMAÇÃO
178871,2,6,ABATE DE GADO E PORCOS,INDÚSTRIAS DE TRANSFORMAÇÃO
181245,2,6,ABATE DE GADO E SUINOS,INDÚSTRIAS DE TRANSFORMAÇÃO
151824,1,6,ABATEDEIRA KI AVES,INDÚSTRIAS DE TRANSFORMAÇÃO
63812,2,6,ABATEDOR,INDÚSTRIAS DE TRANSFORMAÇÃO
10987,1,6,ABATEDOR 2 IRMAOS,INDÚSTRIAS DE TRANSFORMAÇÃO
183982,2,6,ABATEDOR DE ANIMAIS,INDÚSTRIAS DE TRANSFORMAÇÃO
418215,2,6,ABATEDOR DE BOI,INDÚSTRIAS DE TRANSFORMAÇÃO
400046,1,6,ABATEDOR DE FRAGOS,INDÚSTRIAS DE TRANSFORMAÇÃO
14560,1,6,ABATEDOR DE FRANGO,INDÚSTRIAS DE TRANSFORMAÇÃO
164067,1,6,ABATEDOR DE FRANGOS,INDÚSTRIAS DE TRANSFORMAÇÃO
59135,1,6,ABATEDOR DE GALINHA,INDÚSTRIAS DE TRANSFORMAÇÃO
424633,1,6,ABATEDOR DE GALINHAS,INDÚSTRIAS DE TRANSFORMAÇÃO
147109,1,6,ABATEDOR DO TONHO,INDÚSTRIAS DE TRANSFORMAÇÃO
16221,1,6,ABATEDOR FRANGOSO,INDÚSTRIAS DE TRANSFORMAÇÃO
70403,1,6,ABATEDOR MARIA DAS ALMAS,INDÚSTRIAS DE TRANSFORMAÇÃO
495430,1,6,ABATEDOR SACOLAO DAS AVES,INDÚSTRIAS DE TRANSFORMAÇÃO
333290,1,6,ABATEDOR SAO JOSE,INDÚSTRIAS DE TRANSFORMAÇÃO
418217,1,6,ABATEDOR UNIVERSAL,INDÚSTRIAS DE TRANSFORMAÇÃO
136280,1,6,ABATEDORA,INDÚSTRIAS DE TRANSFORMAÇÃO
399185,1,6,ABATEDORA DE FRANGO,INDÚSTRIAS DE TRANSFORMAÇÃO
230245,1,6,ABATEDORA DE FRANGOS,INDÚSTRIAS DE TRANSFORMAÇÃO
79155,1,3,ABATEDORO,INDÚSTRIAS DE TRANSFORMAÇÃO
549083,2,6,ABATEDORO DE BOI FECHADO,DESOCUPADO
348739,2,6,ABATEDORO DE FRANGO,INDÚSTRIAS DE TRANSFORMAÇÃO
494656,1,6,ABATEDORO HAIVE,INDÚSTRIAS DE TRANSFORMAÇÃO
2972,1,6,ABATEDORO SO FRANGO,INDÚSTRIAS DE TRANSFORMAÇÃO
2341,2,6,ABATEDOURO,INDÚSTRIAS DE TRANSFORMAÇÃO
182694,2,3,ABATEDOURO,INDÚSTRIAS DE TRANSFORMAÇÃO
296145,1,5,ABATEDOURO,INDÚSTRIAS DE TRANSFORMAÇÃO
2425,1,6,ABATEDOURO ANTONIO FRAGA,INDÚSTRIAS DE TRANSFORMAÇÃO
349830,1,3,ABATEDOURO BOARETTO,INDÚSTRIAS DE TRANSFORMAÇÃO
466958,1,6,ABATEDOURO BOM FRANGO,INDÚSTRIAS DE TRANSFORMAÇÃO
267511,1,6,ABATEDOURO DE ANIMAIS,INDÚSTRIAS DE TRANSFORMAÇÃO
377928,1,3,ABATEDOURO DE ANIMAIS,INDÚSTRIAS DE TRANSFORMAÇÃO
1473,2,3,ABATEDOURO DE AVES,INDÚSTRIAS DE TRANSFORMAÇÃO
28642,1,6,ABATEDOURO DE AVES,INDÚSTRIAS DE TRANSFORMAÇÃO
477755,2,6,ABATEDOURO DE CARNE MAIA EZEQUIEL,INDÚSTRIAS DE TRANSFORMAÇÃO
23351,1,6,ABATEDOURO DE FRANGO,INDÚSTRIAS DE TRANSFORMAÇÃO
153900,2,3,ABATEDOURO DE FRANGO,INDÚSTRIAS DE TRANSFORMAÇÃO
50384,1,6,ABATEDOURO DE FRANGOS,INDÚSTRIAS DE TRANSFORMAÇÃO
57330,1,6,ABATEDOURO DE GALINHAS,INDÚSTRIAS DE TRANSFORMAÇÃO
32372,2,3,ABATEDOURO DE SUINOS,INDÚSTRIAS DE TRANSFORMAÇÃO
145371,2,6,ABATEDOURO DE SUINOS,INDÚSTRIAS DE TRANSFORMAÇÃO
163144,1,6,ABATEDOURO DISAVEL,INDÚSTRIAS DE TRANSFORMAÇÃO
129142,1,6,ABATEDOURO DO GILVAN,INDÚSTRIAS DE TRANSFORMAÇÃO
168451,2,6,ABATEDOURO DO PARUA,INDÚSTRIAS DE TRANSFORMAÇÃO
20294,1,6,ABATEDOURO DO POVO,INDÚSTRIAS DE TRANSFORMAÇÃO
187982,1,6,ABATEDOURO E ACOUGUE,INDÚSTRIAS DE TRANSFORMAÇÃO
74240,2,6,ABATEDOURO E ACOUGUE DE VANEILTON,INDÚSTRIAS DE TRANSFORMAÇÃO
365360,1,6,ABATEDOURO E PEIXARIA CARVALHO,INDÚSTRIAS DE TRANSFORMAÇÃO
219176,2,6,ABATEDOURO FECHADO,DESOCUPADO
510598,1,6,ABATEDOURO FRANGAO,INDÚSTRIAS DE TRANSFORMAÇÃO
255172,1,6,ABATEDOURO FRANGO,INDÚSTRIAS DE TRANSFORMAÇÃO
357375,1,6,ABATEDOURO FRANGOLINO,INDÚSTRIAS DE TRANSFORMAÇÃO
197011,2,6,ABATEDOURO FRIGORIFICO,INDÚSTRIAS DE TRANSFORMAÇÃO
356392,1,6,ABATEDOURO GERAFRANGO,INDÚSTRIAS DE TRANSFORMAÇÃO
19560,1,6,ABATEDOURO INATIVADO,INDÚSTRIAS DE TRANSFORMAÇÃO
570109,1,6,ABATEDOURO JANUARIO,INDÚSTRIAS DE TRANSFORMAÇÃO
548846,1,6,ABATEDOURO KER FRANGO,INDÚSTRIAS DE TRANSFORMAÇÃO
561015,1,6,ABATEDOURO MUNICIPAL,INDÚSTRIAS DE TRANSFORMAÇÃO
170795,1,6,ABATEDOURO PENA BRANCA,INDÚSTRIAS DE TRANSFORMAÇÃO
578452,1,6,ABATEDOURO POPULAR,INDÚSTRIAS DE TRANSFORMAÇÃO
79924,2,6,ABATEDOURO PUBLICO,INDÚSTRIAS DE TRANSFORMAÇÃO
480241,2,6,ABATEDOURO RIGOR,INDÚSTRIAS DE TRANSFORMAÇÃO
491435,1,6,ABATEDOURO SAO JORGE,INDÚSTRIAS DE TRANSFORMAÇÃO
116682,1,3,ABATEDOURO SOMAVILLA,INDÚSTRIAS DE TRANSFORMAÇÃO
66574,2,6,ABATERDOURO DE GADO,INDÚSTRIAS DE TRANSFORMAÇÃO
362424,1,6,ABATETOURO DE FRANGOS,INDÚSTRIAS DE TRANSFORMAÇÃO
133605,1,6,ABATIDOR DE FRANGO,INDÚSTRIAS DE TRANSFORMAÇÃO
252729,1,6,ABATIMENTO DE FRANGO,INDÚSTRIAS DE TRANSFORMAÇÃO
147522,1,6,ABATIMENTO DE FRANGOS,INDÚSTRIAS DE TRANSFORMAÇÃO
404724,1,6,ABAZAR E PAPELARIA PITUX,
294544,1,6,ABBA PAI ARTIGOS RELIGIOSOS,
15512,1,6,ABC,
418640,1,6,ABC APRENDIZAGEM,
429858,1,6,ABC COMERCIAL DE ALIMENTOS,
299430,1,4,ABC DOS BAIXINHOS,
183111,1,6,ABC MATERIAIS DE CONSTRUCAO,- - COMÉRCIO VAREJISTA DE MATERIAL DE CONSTRUÇÃO
26481,1,6,ABC SERRALHERIA,
309928,1,6,ABC TRANSPORTES VEICULOS PESADOS,
6228,1,5,ABCD,
484648,1,6,ABCENTER ROLAMENTOS E BUCHAS,
10362,1,6,ABCERPA MAZINHO,
480874,1,5,ABCR DR ENEIDA SOARES PESSOA,
273049,1,6,ABDALA LOBO E FILHOS,
300727,1,6,ABEL E ABEL LTDA BAR E SORVETERIA E RODO,
354370,1,6,ABELA VESTE,
259986,1,6,ABELEREREIRO,
269048,1,6,ABELHA DOURADA,
28440,1,6,ABELHA SOUND,
58563,2,3,ABELHEIRA,
471822,2,4,ABELINHA MAGICA,
160757,1,6,ABENCOADA COMERCIO DE ALIMENTOS LTDA,
52116,1,6,ABENGOA BRASIL,
125720,1,6,ABERTO MAS NAO ATENDE,
467262,1,6,ABETEDOURO DE AVES,
517510,1,6,ABG COMUNICACAO,
414471,1,6,ABIB ABIB,
391456,1,6,ABIDERMAN AUTOPECAS,
449088,1,6,ABIENNE MOVEIS PARA ESCRITORIO E INFORMA,
557970,1,6,ABIGAIL CALCADOS E ACESSORIOS,- - COMÉRCIO VAREJISTA DE PRODUTOS NOVOS NÃO ESPECIFICADOS ANTERIORMENTE E DE PRODUTOS USADOS
226598,1,6,ABIGAIL JOIAS,- - COMÉRCIO VAREJISTA DE PRODUTOS NOVOS NÃO ESPECIFICADOS ANTERIORMENTE E DE PRODUTOS USADOS
367543,1,6,ABIGAIL ROUPAS,- - COMÉRCIO VAREJISTA DE PRODUTOS NOVOS NÃO ESPECIFICADOS ANTERIORMENTE E DE PRODUTOS USADOS
177739,1,6,ABIL AMAZONIA BANDA LARGA,
211465,1,6,ABILASS,
24711,1,6,ABIM,
503720,1,6,ABIMADE,
440726,1,6,ABISA INDUSTRIA E COMERCIO DE MATERIAIS,
68679,1,6,ABITARE BOBILIARIA,
380291,1,6,ABJ SOM AUTOMOTIVO,
203955,1,6,ABN AGENCIA DE PUBLICIDADE,
289421,1,6,ABO,
63401,2,3,ABOBORA,
281604,1,6,ABOLICAO VEICULOS,
480140,1,6,ABORATORIO SAUDE TDA,
239340,1,6,ABOUCHAR PIRELLI 36222266,
446245,1,6,ABRACADABRA FESTAS,
151071,1,6,ABRAIDO FACCAO,
290278,1,6,ABRANTES VEICULOS,
321784,1,6,ABRE MALHA PRA TAPETE,
312949,1,6,ABRECEM ENGENHARIA,
437006,1,6,ABREU FARIA COM IMPORT E EXPORT INFORMAT,
426161,1,6,ABREU FARMA,
52860,1,6,ABRICA DE ESIVOS,
231305,2,3,ABRIGA PERTENCES DO SITIO,
239880,1,6,ABRIGO,
568460,2,3,ABRIGO ANIMAIS ESTABULO,
292519,1,6,ABRIGO DE ANIMAIS,
379991,1,6,ABRIGO DE CAES,
177744,1,6,ABRIGO DE MENORES,
408586,1,6,ABRIGO ESPERANCA,
115272,1,6,ABRIGO INFANTIL,
166461,2,3,ABRIGO PARA BOVINOS E MANGUEIRA,
333988,2,6,ABRIGO PARA CACHORRO,
491995,2,3,ABRIGO PARA GAD,
273594,2,3,ABRIGO PARA GADOS,
276664,2,6,ABRIGO PARA OS ANIMAIS,
535565,2,6,ABRIGO PARA ROMEIROS,
216483,1,6,ABRIGO SAO MIGUEL ARCANJO,
32167,2,3,ABRIGO TANQUE LEITE,
99577,2,6,ABRIGODE MAQUINAS,
508919,1,6,ABRILICIO CELULARES,
397581,2,3,ABROBEIRA,
123555,1,6,ABS CMERCIAL,
517455,1,6,ABS MAQUINAS,
387419,1,5,ABSC DENTISTA,
273120,1,6,ABSOLUTA,
399100,1,6,ABSOLUTA BAR E PIZZARIA,
411112,1,6,ABSOLUTA COSMETICOS,
451740,1,6,ABSOLUTA ENGENHARIA,
49396,1,6,ABSOLUTA MOTOR C,
239326,1,6,ABSOLUTNET,
114237,1,6,ABUDS GRIFFES,
76306,1,6,ABUTRE SURFMAGAZINE,
221532,1,6,AC CONSTRUCOES,CONSTRUÇÃO
10797,1,6,AC DESCARTAVEIS,
261896,1,6,AC DOS CORREIOS DE SABIAGUABA,- CORREIO E OUTRAS ATIVIDADES DE ENTREGA
347295,1,6,AC MODAS,
544953,1,6,AC MOVEIS,
359907,1,6,AC PLASTICOS E ESPUMAS LTDA,
183208,1,6,AC SOFTWARE,
452112,1,6,AC TRANSPORTADORA,
11879,1,6,AC0UGUE,
396089,1,6,AC0UGUE DIVINO,
308752,1,6,AC0UGUE DOS AMIGOS,
368459,1,6,ACABADOR DE MOVEIS,
458511,1,6,ACABAMENTO,
360000,1,6,ACABAMENTO DE CONFFECAO,
465884,1,6,ACABAMENTO DE COUROS,
2298,1,6,ACABAMENTO DE JEANS,
428125,1,6,ACABAMENTO DE MOVEIS,
481266,1,6,ACABAMENTO DE MOVEIS BERNARDES,
381476,1,6,ACABAMENTO E PINTURA,
284453,1,6,ACABAMENTO E RESTAURACAO DE MOVEIS,
62974,1,6,ACABAMENTO GRAFICO,
255121,2,6,ACABAMENTOS DE PLASTICO,
368521,1,6,ACABAMENTOS DE SACOLAS,
242171,1,6,ACABAMENTOS EM MADEIRA,
474297,1,6,ACABAMENTOS GRAFICOS,
443285,1,6,ACABAMENTOS RESIDENCIAL GUAMACO,
319934,1,6,ACABAMENTOS RIO VERDE,
362193,1,6,ACABAMENTOS TETEIS,
533378,1,3,ACACIA,
341982,1,6,ACACIA CATALOGO,
435172,1,6,ACACIA CATALOGOS,
538810,1,6,ACACIA DISTRIBUIDORA DE TINTAS,
310713,2,3,ACACICULTURA,
414195,1,6,ACACIO BEBIDAS,
336498,1,6,ACADE VEICULOS,
305234,1,6,ACADEMA GINASTICA,"ARTES, CULTURA, ESPORTE E RECREAÇÃO"
332847,1,6,ACADEMEA,"ARTES, CULTURA, ESPORTE E RECREAÇÃO"
171545,1,6,ACADEMI DE GINASTICA,"ARTES, CULTURA, ESPORTE E RECREAÇÃO"
453,1,6,ACADEMIA,"ARTES, CULTURA, ESPORTE E RECREAÇÃO"
568218,1,6,ACADEMIA  ATLETICA,"ARTES, CULTURA, ESPORTE E RECREAÇÃO"
402359,1,6,ACADEMIA  DE  GINASTICA,"ARTES, CULTURA, ESPORTE E RECREAÇÃO"
519275,1,6,ACADEMIA  DE ARTES MACIAIS,"ARTES, CULTURA, ESPORTE E RECREAÇÃO"
253798,1,6,ACADEMIA  DE GINASTICA,"ARTES, CULTURA, ESPORTE E RECREAÇÃO"
393917,1,6,ACADEMIA  FITNESS,"ARTES, CULTURA, ESPORTE E RECREAÇÃO"
199477,1,6,ACADEMIA  GALIXIA,"ARTES, CULTURA, ESPORTE E RECREAÇÃO"
401817,1,6,ACADEMIA  PERSONAL ARTE,"ARTES, CULTURA, ESPORTE E RECREAÇÃO"
208435,1,6,ACADEMIA  RS7,"ARTES, CULTURA, ESPORTE E RECREAÇÃO"
289884,1,6,ACADEMIA  TAN LAN DE ARTES MARCIAIS,"ARTES, CULTURA, ESPORTE E RECREAÇÃO"
66025,1,6,ACADEMIA  TRYBALL,"ARTES, CULTURA, ESPORTE E RECREAÇÃO"
161300,1,6,ACADEMIA 100 POR CENTO MUSCULACAO,"ARTES, CULTURA, ESPORTE E RECREAÇÃO"
3996,1,6,ACADEMIA 3 IDADE,"ARTES, CULTURA, ESPORTE E RECREAÇÃO"
385963,1,6,ACADEMIA 4 ESTILOS,"ARTES, CULTURA, ESPORTE E RECREAÇÃO"
3542,1,6,ACADEMIA ACQUA FITNESS,"ARTES, CULTURA, ESPORTE E RECREAÇÃO"
158557,1,6,ACADEMIA ACQUA MASTER,"ARTES, CULTURA, ESPORTE E RECREAÇÃO"
144567,1,6,ACADEMIA ACQUA VIVA,"ARTES, CULTURA, ESPORTE E RECREAÇÃO"
103595,1,6,ACADEMIA ADRENALINA FITNESS,"ARTES, CULTURA, ESPORTE E RECREAÇÃO"
86144,1,6,ACADEMIA ADVANCE,"ARTES, CULTURA, ESPORTE E RECREAÇÃO"
318166,1,6,ACADEMIA AGUIA ACESSO ESCADARIA,"ARTES, CULTURA, ESPORTE E RECREAÇÃO"
370816,1,6,ACADEMIA ALIANCE JIU JITSU,"ARTES, CULTURA, ESPORTE E RECREAÇÃO"
382236,1,6,ACADEMIA ALTA ENERGIA,"ARTES, CULTURA, ESPORTE E RECREAÇÃO"
189544,1,6,ACADEMIA AMAR,"ARTES, CULTURA, ESPORTE E RECREAÇÃO"
16205,1,6,ACADEMIA AMC,"ARTES, CULTURA, ESPORTE E RECREAÇÃO"
546265,1,6,ACADEMIA AO AR LIVRE,"ARTES, CULTURA, ESPORTE E RECREAÇÃO"
46257,1,6,ACADEMIA APOLO SENTER,"ARTES, CULTURA, ESPORTE E RECREAÇÃO"
504433,1,6,ACADEMIA APP,"ARTES, CULTURA, ESPORTE E RECREAÇÃO"
277314,1,6,ACADEMIA AQUARIOS,"ARTES, CULTURA, ESPORTE E RECREAÇÃO"
364833,1,6,ACADEMIA AQUARIOS FEMINA,"ARTES, CULTURA, ESPORTE E RECREAÇÃO"
46089,1,6,ACADEMIA AQUARIUS,"ARTES, CULTURA, ESPORTE E RECREAÇÃO"
248830,1,6,ACADEMIA AQUATIC CENTER,"ARTES, CULTURA, ESPORTE E RECREAÇÃO"
438820,1,6,ACADEMIA AQUAVIDA,"ARTES, CULTURA, ESPORTE E RECREAÇÃO"
504170,1,6,ACADEMIA ARMAGEDOM,"ARTES, CULTURA, ESPORTE E RECREAÇÃO"
425424,1,6,ACADEMIA ARTES MACIAIS,"ARTES, CULTURA, ESPORTE E RECREAÇÃO"
463244,1,6,ACADEMIA ARTES MARCIAIS,"ARTES, CULTURA, ESPORTE E RECREAÇÃO"
69410,1,6,ACADEMIA ARTES MARCIAIS CHARLES CARVALHO,"ARTES, CULTURA, ESPORTE E RECREAÇÃO"
524982,1,6,ACADEMIA ARTFORMA,"ARTES, CULTURA, ESPORTE E RECREAÇÃO"
48553,1,6,ACADEMIA ARTUR ASSUNCAO,"ARTES, CULTURA, ESPORTE E RECREAÇÃO"
325081,1,6,ACADEMIA ARUA FITNESS,"ARTES, CULTURA, ESPORTE E RECREAÇÃO"
147540,1,6,ACADEMIA ATENAS,"ARTES, CULTURA, ESPORTE E RECREAÇÃO"
852,1,6,ACADEMIA ATHENAS,"ARTES, CULTURA, ESPORTE E RECREAÇÃO"
25279,1,6,ACADEMIA ATHLETIC FORM,"ARTES, CULTURA, ESPORTE E RECREAÇÃO"
153943,1,6,ACADEMIA ATHLETICA FITNESS,"ARTES, CULTURA, ESPORTE E RECREAÇÃO"
345976,1,6,ACADEMIA ATHOS,"ARTES, CULTURA, ESPORTE E RECREAÇÃO"
489298,1,6,ACADEMIA ATITUDE,"ARTES, CULTURA, ESPORTE E RECREAÇÃO"
146015,1,6,ACADEMIA ATIVA,"ARTES, CULTURA, ESPORTE E RECREAÇÃO"
33121,1,6,ACADEMIA ATLETICA,"ARTES, CULTURA, ESPORTE E RECREAÇÃO"
301294,1,6,ACADEMIA ATTITUDE,"ARTES, CULTURA, ESPORTE E RECREAÇÃO"
204852,1,6,ACADEMIA B 13,"ARTES, CULTURA, ESPORTE E RECREAÇÃO"
46822,1,6,ACADEMIA BAD DOG,"ARTES, CULTURA, ESPORTE E RECREAÇÃO"
46996,1,6,ACADEMIA BANNI FIGHT CLUB,"ARTES, CULTURA, ESPORTE E RECREAÇÃO"
481720,1,6,ACADEMIA BARRA SOLO,"ARTES, CULTURA, ESPORTE E RECREAÇÃO"
371782,1,6,ACADEMIA BELA VISTA,"ARTES, CULTURA, ESPORTE E RECREAÇÃO"
274720,1,6,ACADEMIA BELLA FORMA,"ARTES, CULTURA, ESPORTE E RECREAÇÃO"
256381,1,6,ACADEMIA BELO CORPO,"ARTES, CULTURA, ESPORTE E RECREAÇÃO"
144953,1,6,ACADEMIA BEM ESTAR,"ARTES, CULTURA, ESPORTE E RECREAÇÃO"
373768,1,6,ACADEMIA BF,"ARTES, CULTURA, ESPORTE E RECREAÇÃO"
219363,1,6,ACADEMIA BIO ATIVA,"ARTES, CULTURA, ESPORTE E RECREAÇÃO"
22893,1,6,ACADEMIA BIO FITNESS,"ARTES, CULTURA, ESPORTE E RECREAÇÃO"
287984,1,6,ACADEMIA BIO FORMA,"ARTES, CULTURA, ESPORTE E RECREAÇÃO"
131934,1,6,ACADEMIA BIO FORMULA,"ARTES, CULTURA, ESPORTE E RECREAÇÃO"
89638,1,6,ACADEMIA BIOFIT,"ARTES, CULTURA, ESPORTE E RECREAÇÃO"
167636,1,6,ACADEMIA BIOFITNESS,"ARTES, CULTURA, ESPORTE E RECREAÇÃO"
324439,1,6,ACADEMIA BIORITMO,"ARTES, CULTURA, ESPORTE E RECREAÇÃO"
564199,1,6,ACADEMIA BLADE FIT,"ARTES, CULTURA, ESPORTE E RECREAÇÃO"
35793,1,6,ACADEMIA BOA FORMA,"ARTES, CULTURA, ESPORTE E RECREAÇÃO"
238706,1,6,ACADEMIA BODY ACTION,"ARTES, CULTURA, ESPORTE E RECREAÇÃO"
323476,1,6,ACADEMIA BODY CONTROL,"ARTES, CULTURA, ESPORTE E RECREAÇÃO"
292385,1,6,ACADEMIA BODY FITNES,"ARTES, CULTURA, ESPORTE E RECREAÇÃO"
46345,1,6,ACADEMIA BODY WORLD,"ARTES, CULTURA, ESPORTE E RECREAÇÃO"
157210,1,6,ACADEMIA BODYACTION,"ARTES, CULTURA, ESPORTE E RECREAÇÃO"
10822,1,6,ACADEMIA BODYPLACE,"ARTES, CULTURA, ESPORTE E RECREAÇÃO"
223764,1,6,ACADEMIA BRASIL ORIENTE,"ARTES, CULTURA, ESPORTE E RECREAÇÃO"
312324,1,6,ACADEMIA BRASILEIRA DE ARTE,"ARTES, CULTURA, ESPORTE E RECREAÇÃO"
294761,1,6,ACADEMIA BROTHER FITNESS,"ARTES, CULTURA, ESPORTE E RECREAÇÃO"
563882,1,6,ACADEMIA BUDOKAN,"ARTES, CULTURA, ESPORTE E RECREAÇÃO"
503368,1,6,ACADEMIA BY SAID,"ARTES, CULTURA, ESPORTE E RECREAÇÃO"
511572,1,6,ACADEMIA CABO FIT FUNDOS,"ARTES, CULTURA, ESPORTE E RECREAÇÃO"
476463,1,6,ACADEMIA CAFE LJ,"ARTES, CULTURA, ESPORTE E RECREAÇÃO"
112947,1,6,ACADEMIA CALCADENSE DE LETRAS,"ARTES, CULTURA, ESPORTE E RECREAÇÃO"
434406,1,6,ACADEMIA CARDIOVITA,"ARTES, CULTURA, ESPORTE E RECREAÇÃO"
72561,1,6,ACADEMIA CARLAS,"ARTES, CULTURA, ESPORTE E RECREAÇÃO"
461127,1,6,ACADEMIA CESAR FITNES,"ARTES, CULTURA, ESPORTE E RECREAÇÃO"
351679,1,6,ACADEMIA CHINKUAM  CABELEREIRO E LOJA MA,"ARTES, CULTURA, ESPORTE E RECREAÇÃO"
366103,1,6,ACADEMIA CINETICA,"ARTES, CULTURA, ESPORTE E RECREAÇÃO"
394272,1,6,ACADEMIA CIRCUITO KOMBATO,"ARTES, CULTURA, ESPORTE E RECREAÇÃO"
279474,1,6,ACADEMIA CLARA BARBOSA,"ARTES, CULTURA, ESPORTE E RECREAÇÃO"
481348,1,6,ACADEMIA COB BRASIL,"ARTES, CULTURA, ESPORTE E RECREAÇÃO"
159893,1,6,ACADEMIA CONCEICAO,"ARTES, CULTURA, ESPORTE E RECREAÇÃO"
154669,1,6,ACADEMIA CONCENTRE,"ARTES, CULTURA, ESPORTE E RECREAÇÃO"
234929,1,6,ACADEMIA CONEXAO,"ARTES, CULTURA, ESPORTE E RECREAÇÃO"
334127,1,6,ACADEMIA CONFORME O 123,"ARTES, CULTURA, ESPORTE E RECREAÇÃO"
437102,1,6,ACADEMIA CORPO,"ARTES, CULTURA, ESPORTE E RECREAÇÃO"
380114,1,6,ACADEMIA CORPO E ACAO,"ARTES, CULTURA, ESPORTE E RECREAÇÃO"
50386,1,6,ACADEMIA CORPO E ALMA,"ARTES, CULTURA, ESPORTE E RECREAÇÃO"
988,1,6,ACADEMIA CORPO E ARTE,"ARTES, CULTURA, ESPORTE E RECREAÇÃO"
241416,1,6,ACADEMIA CORPO E CIA,"ARTES, CULTURA, ESPORTE E RECREAÇÃO"
172813,1,6,ACADEMIA CORPO E COMPANHIA,"ARTES, CULTURA, ESPORTE E RECREAÇÃO"
44842,1,6,ACADEMIA CORPO E MENTE,"ARTES, CULTURA, ESPORTE E RECREAÇÃO"
8800,1,6,ACADEMIA CORPO E MOVIMENTO,"ARTES, CULTURA, ESPORTE E RECREAÇÃO"
265511,1,6,ACADEMIA CORPO E VIDA,"ARTES, CULTURA, ESPORTE E RECREAÇÃO"
540481,1,6,ACADEMIA CORPO EM MOVIMENTO,"ARTES, CULTURA, ESPORTE E RECREAÇÃO"
409982,1,6,ACADEMIA CORPO SARADO,"ARTES, CULTURA, ESPORTE E RECREAÇÃO"
292409,1,6,ACADEMIA CORPORE,"ARTES, CULTURA, ESPORTE E RECREAÇÃO"
409407,1,6,ACADEMIA CORPOS,"ARTES, CULTURA, ESPORTE E RECREAÇÃO"
431211,1,6,ACADEMIA CORPOS ESTACAO SAUDE,"ARTES, CULTURA, ESPORTE E RECREAÇÃO"
50427,1,6,ACADEMIA CORPUS,"ARTES, CULTURA, ESPORTE E RECREAÇÃO"
537870,1,6,ACADEMIA CORPUS E IMPACTO,"ARTES, CULTURA, ESPORTE E RECREAÇÃO"
30412,1,6,ACADEMIA CULTURA FISICA,"ARTES, CULTURA, ESPORTE E RECREAÇÃO"
37770,1,6,ACADEMIA CURVES,"ARTES, CULTURA, ESPORTE E RECREAÇÃO"
162517,1,6,ACADEMIA DA CASA 168,"ARTES, CULTURA, ESPORTE E RECREAÇÃO"
312925,1,6,ACADEMIA DA FERNANDA,"ARTES, CULTURA, ESPORTE E RECREAÇÃO"
8623,1,6,ACADEMIA DA GULA DISK PIZZAS,"ARTES, CULTURA, ESPORTE E RECREAÇÃO"
517944,1,6,ACADEMIA DA NEIDE,"ARTES, CULTURA, ESPORTE E RECREAÇÃO"
133239,1,6,ACADEMIA DANCA,"ARTES, CULTURA, ESPORTE E RECREAÇÃO"
14649,1,6,ACADEMIA DE AGUA TERAPIA,"ARTES, CULTURA, ESPORTE E RECREAÇÃO"
229997,1,6,ACADEMIA DE AIKIDO,"ARTES, CULTURA, ESPORTE E RECREAÇÃO"
21015,1,6,ACADEMIA DE ARTES MACIAIS,"ARTES, CULTURA, ESPORTE E RECREAÇÃO"
97932,1,6,ACADEMIA DE ARTES MARCIAIS,"ARTES, CULTURA, ESPORTE E RECREAÇÃO"
50357,1,6,ACADEMIA DE ARTES MARCIAS,"ARTES, CULTURA, ESPORTE E RECREAÇÃO"
248160,1,6,ACADEMIA DE ATIVIDADES FISICAS,"ARTES, CULTURA, ESPORTE E RECREAÇÃO"
224396,1,6,ACADEMIA DE BALETT,"ARTES, CULTURA, ESPORTE E RECREAÇÃO"
154375,1,6,ACADEMIA DE BALLET,"ARTES, CULTURA, ESPORTE E RECREAÇÃO"
374155,1,6,ACADEMIA DE BALLET GORETTI QUINTELA,"ARTES, CULTURA, ESPORTE E RECREAÇÃO"
414193,1,6,ACADEMIA DE BOX,"ARTES, CULTURA, ESPORTE E RECREAÇÃO"
109405,1,6,ACADEMIA DE BOXE,"ARTES, CULTURA, ESPORTE E RECREAÇÃO"
88573,1,6,ACADEMIA DE CAPOEIRA,"ARTES, CULTURA, ESPORTE E RECREAÇÃO"
19092,1,6,ACADEMIA DE CAPOEIRA E JIU JITSU,"ARTES, CULTURA, ESPORTE E RECREAÇÃO"