,landuse_description,anotador1,SVC,RF,LR,SNORKEL,BERT,correctly_predicted_count
19,acessorios para casa,- - COMÉRCIO VAREJISTA DE EQUIPAMENTOS DE INFORMÁTICA E COMUNICAÇÃO; EQUIPAMENTOS E ARTIGOS DE USO DOMÉSTICO,- - COMÉRCIO VAREJISTA DE PRODUTOS NOVOS NÃO ESPECIFICADOS ANTERIORMENTE E DE PRODUTOS USADOS,- - COMÉRCIO VAREJISTA DE PRODUTOS NOVOS NÃO ESPECIFICADOS ANTERIORMENTE E DE PRODUTOS USADOS,- - COMÉRCIO VAREJISTA DE PRODUTOS NOVOS NÃO ESPECIFICADOS ANTERIORMENTE E DE PRODUTOS USADOS,- - COMÉRCIO VAREJISTA DE PRODUTOS NOVOS NÃO ESPECIFICADOS ANTERIORMENTE E DE PRODUTOS USADOS,- - COMÉRCIO VAREJISTA DE PRODUTOS NOVOS NÃO ESPECIFICADOS ANTERIORMENTE E DE PRODUTOS USADOS,0
20,acismig associacao comercal,OUTRAS ATIVIDADES DE SERVIÇOS,"IGREJAS, TEMPLOS E ATIVIDADES RELIGIOSAS","IGREJAS, TEMPLOS E ATIVIDADES RELIGIOSAS","IGREJAS, TEMPLOS E ATIVIDADES RELIGIOSAS",NÃO DEFINIDO,"- - COMÉRCIO VAREJISTA DE PRODUTOS ALIMENTÍCIOS, BEBIDAS E FUMO",0
30,aereo publicidade,"ATIVIDADES PROFISSIONAIS, CIENTÍFICAS E TÉCNICAS",- - COMÉRCIO VAREJISTA DE PRODUTOS NOVOS NÃO ESPECIFICADOS ANTERIORMENTE E DE PRODUTOS USADOS,NÃO DEFINIDO,- - COMÉRCIO VAREJISTA DE PRODUTOS NOVOS NÃO ESPECIFICADOS ANTERIORMENTE E DE PRODUTOS USADOS,- TRANSPORTE AÉREO,- TRANSPORTE AÉREO,0
31,aeroclube,"ARTES, CULTURA, ESPORTE E RECREAÇÃO",- TRANSPORTE AÉREO,- TRANSPORTE AÉREO,- - COMÉRCIO VAREJISTA DE PRODUTOS NOVOS NÃO ESPECIFICADOS ANTERIORMENTE E DE PRODUTOS USADOS,NÃO DEFINIDO,- TRANSPORTE AÉREO,0
33,aeromodelismo,"ARTES, CULTURA, ESPORTE E RECREAÇÃO",- - COMÉRCIO VAREJISTA DE PRODUTOS NOVOS NÃO ESPECIFICADOS ANTERIORMENTE E DE PRODUTOS USADOS,NÃO DEFINIDO,- - COMÉRCIO VAREJISTA DE PRODUTOS NOVOS NÃO ESPECIFICADOS ANTERIORMENTE E DE PRODUTOS USADOS,NÃO DEFINIDO,- TRANSPORTE AÉREO,0
63,agencia kautry som car,NÃO DEFINIDO,ATIVIDADES ADMINISTRATIVAS E SERVIÇOS COMPLEMENTARES,"ATIVIDADES FINANCEIRAS, DE SEGUROS E SERVIÇOS RELACIONADOS",- COMÉRCIO E REPARAÇÃO DE VEÍCULOS AUTOMOTORES E MOTOCICLETAS,"AGRICULTURA, PECUÁRIA, PRODUÇÃO FLORESTAL, PESCA E AQUICULTURA",ATIVIDADES ADMINISTRATIVAS E SERVIÇOS COMPLEMENTARES,0
69,agente de cargas,- ARMAZENAMENTO E ATIVIDADES AUXILIARES DOS TRANSPORTES,- TRANSPORTE TERRESTRE,- TRANSPORTE TERRESTRE,- TRANSPORTE TERRESTRE,NÃO DEFINIDO,- TRANSPORTE TERRESTRE,0
73,alanbique,INDÚSTRIAS DE TRANSFORMAÇÃO,- - COMÉRCIO VAREJISTA DE PRODUTOS NOVOS NÃO ESPECIFICADOS ANTERIORMENTE E DE PRODUTOS USADOS,NÃO DEFINIDO,- - COMÉRCIO VAREJISTA DE PRODUTOS NOVOS NÃO ESPECIFICADOS ANTERIORMENTE E DE PRODUTOS USADOS,NÃO DEFINIDO,- - COMÉRCIO VAREJISTA DE EQUIPAMENTOS DE INFORMÁTICA E COMUNICAÇÃO; EQUIPAMENTOS E ARTIGOS DE USO DOMÉSTICO,0
75,alexpress agenciamento aereo,- CORREIO E OUTRAS ATIVIDADES DE ENTREGA,- - COMÉRCIO VAREJISTA DE PRODUTOS NOVOS NÃO ESPECIFICADOS ANTERIORMENTE E DE PRODUTOS USADOS,NÃO DEFINIDO,- - COMÉRCIO VAREJISTA DE PRODUTOS NOVOS NÃO ESPECIFICADOS ANTERIORMENTE E DE PRODUTOS USADOS,- TRANSPORTE AÉREO,ATIVIDADES ADMINISTRATIVAS E SERVIÇOS COMPLEMENTARES,0
77,almocherifado da balsa,- ARMAZENAMENTO E ATIVIDADES AUXILIARES DOS TRANSPORTES,- TRANSPORTE AQUAVIÁRIO,- - COMÉRCIO VAREJISTA DE PRODUTOS NOVOS NÃO ESPECIFICADOS ANTERIORMENTE E DE PRODUTOS USADOS,- - COMÉRCIO VAREJISTA DE PRODUTOS NOVOS NÃO ESPECIFICADOS ANTERIORMENTE E DE PRODUTOS USADOS,- TRANSPORTE AQUAVIÁRIO,ATIVIDADES ADMINISTRATIVAS E SERVIÇOS COMPLEMENTARES,0
80,alojamento sem morador,DESOCUPADO,- ALOJAMENTO,- ALOJAMENTO,- ALOJAMENTO,- COMÉRCIO VAREJISTA,- ALOJAMENTO,0
81,alpha loja de conveniencia,- - COMÉRCIO VAREJISTA NÃO ESPECIALIZADO,- - COMÉRCIO VAREJISTA DE PRODUTOS NOVOS NÃO ESPECIFICADOS ANTERIORMENTE E DE PRODUTOS USADOS,- - COMÉRCIO VAREJISTA DE PRODUTOS NOVOS NÃO ESPECIFICADOS ANTERIORMENTE E DE PRODUTOS USADOS,- - COMÉRCIO VAREJISTA DE PRODUTOS NOVOS NÃO ESPECIFICADOS ANTERIORMENTE E DE PRODUTOS USADOS,- COMÉRCIO VAREJISTA,- - COMÉRCIO VAREJISTA DE EQUIPAMENTOS DE INFORMÁTICA E COMUNICAÇÃO; EQUIPAMENTOS E ARTIGOS DE USO DOMÉSTICO,0
97,aparas de caixa papelao,NÃO DEFINIDO,"ÁGUA, ESGOTO, ATIVIDADES DE GESTÃO DE RESÍDUOS E DESCONTAMINAÇÃO","ÁGUA, ESGOTO, ATIVIDADES DE GESTÃO DE RESÍDUOS E DESCONTAMINAÇÃO","ÁGUA, ESGOTO, ATIVIDADES DE GESTÃO DE RESÍDUOS E DESCONTAMINAÇÃO","ATIVIDADES FINANCEIRAS, DE SEGUROS E SERVIÇOS RELACIONADOS","- - COMÉRCIO VAREJISTA DE ARTIGOS CULTURAIS, RECREATIVOS E ESPORTIVOS",0
101,arcelor,INDÚSTRIAS DE TRANSFORMAÇÃO,- - COMÉRCIO VAREJISTA DE PRODUTOS NOVOS NÃO ESPECIFICADOS ANTERIORMENTE E DE PRODUTOS USADOS,NÃO DEFINIDO,- - COMÉRCIO VAREJISTA DE PRODUTOS NOVOS NÃO ESPECIFICADOS ANTERIORMENTE E DE PRODUTOS USADOS,NÃO DEFINIDO,ATIVIDADES ADMINISTRATIVAS E SERVIÇOS COMPLEMENTARES,0
102,area da picina,NÃO DEFINIDO,- - COMÉRCIO VAREJISTA DE PRODUTOS NOVOS NÃO ESPECIFICADOS ANTERIORMENTE E DE PRODUTOS USADOS,- TRANSPORTE AQUAVIÁRIO,- - COMÉRCIO VAREJISTA DE PRODUTOS NOVOS NÃO ESPECIFICADOS ANTERIORMENTE E DE PRODUTOS USADOS,INDÚSTRIAS EXTRATIVAS,"AGRICULTURA, PECUÁRIA, PRODUÇÃO FLORESTAL, PESCA E AQUICULTURA",0
103,area de lazer dos moradores do numero 25,NÃO DEFINIDO,- - COMÉRCIO VAREJISTA DE PRODUTOS NOVOS NÃO ESPECIFICADOS ANTERIORMENTE E DE PRODUTOS USADOS,- TRANSPORTE AQUAVIÁRIO,- - COMÉRCIO VAREJISTA DE PRODUTOS NOVOS NÃO ESPECIFICADOS ANTERIORMENTE E DE PRODUTOS USADOS,"ARTES, CULTURA, ESPORTE E RECREAÇÃO","IGREJAS, TEMPLOS E ATIVIDADES RELIGIOSAS",0
104,area para construir corretora tengel,OBRAS,- - COMÉRCIO VAREJISTA DE PRODUTOS NOVOS NÃO ESPECIFICADOS ANTERIORMENTE E DE PRODUTOS USADOS,- TRANSPORTE AQUAVIÁRIO,- - COMÉRCIO VAREJISTA DE PRODUTOS NOVOS NÃO ESPECIFICADOS ANTERIORMENTE E DE PRODUTOS USADOS,INDÚSTRIAS EXTRATIVAS,CONSTRUÇÃO,0
105,area sem construcao,DESOCUPADO,- - COMÉRCIO VAREJISTA DE MATERIAL DE CONSTRUÇÃO,OBRAS,- - COMÉRCIO VAREJISTA DE MATERIAL DE CONSTRUÇÃO,OBRAS,OBRAS,0
113,armazem de moagem e estocagem de racao d,"AGRICULTURA, PECUÁRIA, PRODUÇÃO FLORESTAL, PESCA E AQUICULTURA","- - - COMÉRCIO VAREJISTA DE MERCADORIAS EM GERAL, COM PREDOMINÂNCIA DE PRODUTOS ALIMENTÍCIOS - MINIMERCADOS, MERCEARIAS E ARMAZÉNS",- - COMÉRCIO VAREJISTA DE PRODUTOS NOVOS NÃO ESPECIFICADOS ANTERIORMENTE E DE PRODUTOS USADOS,- - COMÉRCIO VAREJISTA DE PRODUTOS NOVOS NÃO ESPECIFICADOS ANTERIORMENTE E DE PRODUTOS USADOS,- ARMAZENAMENTO E ATIVIDADES AUXILIARES DOS TRANSPORTES,"- - - COMÉRCIO VAREJISTA DE MERCADORIAS EM GERAL, COM PREDOMINÂNCIA DE PRODUTOS ALIMENTÍCIOS - MINIMERCADOS, MERCEARIAS E ARMAZÉNS",0
120,assistencia eletronica,OUTRAS ATIVIDADES DE SERVIÇOS,- - COMÉRCIO VAREJISTA DE PRODUTOS NOVOS NÃO ESPECIFICADOS ANTERIORMENTE E DE PRODUTOS USADOS,NÃO DEFINIDO,- - COMÉRCIO VAREJISTA DE PRODUTOS NOVOS NÃO ESPECIFICADOS ANTERIORMENTE E DE PRODUTOS USADOS,ELETRICIDADE E GÁS,SAÚDE HUMANA E SERVIÇOS SOCIAIS,0
125,associacao atletica do banco do brasil a,"ARTES, CULTURA, ESPORTE E RECREAÇÃO","ATIVIDADES FINANCEIRAS, DE SEGUROS E SERVIÇOS RELACIONADOS","ATIVIDADES FINANCEIRAS, DE SEGUROS E SERVIÇOS RELACIONADOS","ATIVIDADES FINANCEIRAS, DE SEGUROS E SERVIÇOS RELACIONADOS","ATIVIDADES FINANCEIRAS, DE SEGUROS E SERVIÇOS RELACIONADOS","ATIVIDADES FINANCEIRAS, DE SEGUROS E SERVIÇOS RELACIONADOS",0
129,assossiacao atletica banco do brasil,"ARTES, CULTURA, ESPORTE E RECREAÇÃO","ATIVIDADES FINANCEIRAS, DE SEGUROS E SERVIÇOS RELACIONADOS","ATIVIDADES FINANCEIRAS, DE SEGUROS E SERVIÇOS RELACIONADOS","ATIVIDADES FINANCEIRAS, DE SEGUROS E SERVIÇOS RELACIONADOS","ATIVIDADES FINANCEIRAS, DE SEGUROS E SERVIÇOS RELACIONADOS","ATIVIDADES FINANCEIRAS, DE SEGUROS E SERVIÇOS RELACIONADOS",0
133,atelie de modelagem em argila,OUTRAS ATIVIDADES DE SERVIÇOS,- - COMÉRCIO VAREJISTA DE PRODUTOS NOVOS NÃO ESPECIFICADOS ANTERIORMENTE E DE PRODUTOS USADOS,- - COMÉRCIO VAREJISTA DE PRODUTOS NOVOS NÃO ESPECIFICADOS ANTERIORMENTE E DE PRODUTOS USADOS,- - COMÉRCIO VAREJISTA DE PRODUTOS NOVOS NÃO ESPECIFICADOS ANTERIORMENTE E DE PRODUTOS USADOS,INDÚSTRIAS EXTRATIVAS,INDÚSTRIAS EXTRATIVAS,0
134,atelier,OUTRAS ATIVIDADES DE SERVIÇOS,- - COMÉRCIO VAREJISTA DE PRODUTOS NOVOS NÃO ESPECIFICADOS ANTERIORMENTE E DE PRODUTOS USADOS,NÃO DEFINIDO,- - COMÉRCIO VAREJISTA DE PRODUTOS NOVOS NÃO ESPECIFICADOS ANTERIORMENTE E DE PRODUTOS USADOS,NÃO DEFINIDO,- ALOJAMENTO,0
135,atelier de couro bolsa,OUTRAS ATIVIDADES DE SERVIÇOS,- - COMÉRCIO VAREJISTA DE PRODUTOS NOVOS NÃO ESPECIFICADOS ANTERIORMENTE E DE PRODUTOS USADOS,- - COMÉRCIO VAREJISTA DE PRODUTOS NOVOS NÃO ESPECIFICADOS ANTERIORMENTE E DE PRODUTOS USADOS,- - COMÉRCIO VAREJISTA DE PRODUTOS NOVOS NÃO ESPECIFICADOS ANTERIORMENTE E DE PRODUTOS USADOS,- TRANSPORTE AQUAVIÁRIO,- COMÉRCIO E REPARAÇÃO DE VEÍCULOS AUTOMOTORES E MOTOCICLETAS,0
136,atelier luzia criacoes,OUTRAS ATIVIDADES DE SERVIÇOS,- - COMÉRCIO VAREJISTA DE PRODUTOS NOVOS NÃO ESPECIFICADOS ANTERIORMENTE E DE PRODUTOS USADOS,NÃO DEFINIDO,- - COMÉRCIO VAREJISTA DE PRODUTOS NOVOS NÃO ESPECIFICADOS ANTERIORMENTE E DE PRODUTOS USADOS,NÃO DEFINIDO,- ALOJAMENTO,0
152,aviamento,- - COMÉRCIO VAREJISTA DE PRODUTOS NOVOS NÃO ESPECIFICADOS ANTERIORMENTE E DE PRODUTOS USADOS,INDÚSTRIAS DE TRANSFORMAÇÃO,INDÚSTRIAS DE TRANSFORMAÇÃO,INDÚSTRIAS DE TRANSFORMAÇÃO,NÃO DEFINIDO,INDÚSTRIAS DE TRANSFORMAÇÃO,0
162,banca cacaldo  tenes,- - COMÉRCIO VAREJISTA DE PRODUTOS NOVOS NÃO ESPECIFICADOS ANTERIORMENTE E DE PRODUTOS USADOS,"- - COMÉRCIO VAREJISTA DE ARTIGOS CULTURAIS, RECREATIVOS E ESPORTIVOS",NÃO DEFINIDO,"- - COMÉRCIO VAREJISTA DE ARTIGOS CULTURAIS, RECREATIVOS E ESPORTIVOS","ATIVIDADES FINANCEIRAS, DE SEGUROS E SERVIÇOS RELACIONADOS","- - COMÉRCIO VAREJISTA DE ARTIGOS CULTURAIS, RECREATIVOS E ESPORTIVOS",0
163,banca de bicho,"ARTES, CULTURA, ESPORTE E RECREAÇÃO","- - COMÉRCIO VAREJISTA DE ARTIGOS CULTURAIS, RECREATIVOS E ESPORTIVOS","- - COMÉRCIO VAREJISTA DE ARTIGOS CULTURAIS, RECREATIVOS E ESPORTIVOS","- - COMÉRCIO VAREJISTA DE ARTIGOS CULTURAIS, RECREATIVOS E ESPORTIVOS","ATIVIDADES FINANCEIRAS, DE SEGUROS E SERVIÇOS RELACIONADOS","- - COMÉRCIO VAREJISTA DE ARTIGOS CULTURAIS, RECREATIVOS E ESPORTIVOS",0
164,banca de camelo,- - COMÉRCIO VAREJISTA DE PRODUTOS NOVOS NÃO ESPECIFICADOS ANTERIORMENTE E DE PRODUTOS USADOS,"- - COMÉRCIO VAREJISTA DE ARTIGOS CULTURAIS, RECREATIVOS E ESPORTIVOS","- - COMÉRCIO VAREJISTA DE ARTIGOS CULTURAIS, RECREATIVOS E ESPORTIVOS","- - COMÉRCIO VAREJISTA DE ARTIGOS CULTURAIS, RECREATIVOS E ESPORTIVOS","ATIVIDADES FINANCEIRAS, DE SEGUROS E SERVIÇOS RELACIONADOS","- - COMÉRCIO VAREJISTA DE ARTIGOS CULTURAIS, RECREATIVOS E ESPORTIVOS",0
165,banca de frutas,"- - COMÉRCIO VAREJISTA DE PRODUTOS ALIMENTÍCIOS, BEBIDAS E FUMO","- - COMÉRCIO VAREJISTA DE ARTIGOS CULTURAIS, RECREATIVOS E ESPORTIVOS","- - COMÉRCIO VAREJISTA DE ARTIGOS CULTURAIS, RECREATIVOS E ESPORTIVOS","- - COMÉRCIO VAREJISTA DE ARTIGOS CULTURAIS, RECREATIVOS E ESPORTIVOS","ATIVIDADES FINANCEIRAS, DE SEGUROS E SERVIÇOS RELACIONADOS","- - COMÉRCIO VAREJISTA DE ARTIGOS CULTURAIS, RECREATIVOS E ESPORTIVOS",0
166,banca de importados e miudezas,- - COMÉRCIO VAREJISTA NÃO ESPECIALIZADO,"- - COMÉRCIO VAREJISTA DE ARTIGOS CULTURAIS, RECREATIVOS E ESPORTIVOS","- - COMÉRCIO VAREJISTA DE ARTIGOS CULTURAIS, RECREATIVOS E ESPORTIVOS","- - COMÉRCIO VAREJISTA DE ARTIGOS CULTURAIS, RECREATIVOS E ESPORTIVOS","ATIVIDADES FINANCEIRAS, DE SEGUROS E SERVIÇOS RELACIONADOS","- - COMÉRCIO VAREJISTA DE ARTIGOS CULTURAIS, RECREATIVOS E ESPORTIVOS",0
171,banca de verduras,"- - COMÉRCIO VAREJISTA DE PRODUTOS ALIMENTÍCIOS, BEBIDAS E FUMO","- - COMÉRCIO VAREJISTA DE ARTIGOS CULTURAIS, RECREATIVOS E ESPORTIVOS","- - COMÉRCIO VAREJISTA DE ARTIGOS CULTURAIS, RECREATIVOS E ESPORTIVOS","- - COMÉRCIO VAREJISTA DE ARTIGOS CULTURAIS, RECREATIVOS E ESPORTIVOS","ATIVIDADES FINANCEIRAS, DE SEGUROS E SERVIÇOS RELACIONADOS",- - COMÉRCIO VAREJISTA DE PRODUTOS NOVOS NÃO ESPECIFICADOS ANTERIORMENTE E DE PRODUTOS USADOS,0
172,banca do andre,- - COMÉRCIO VAREJISTA DE PRODUTOS NOVOS NÃO ESPECIFICADOS ANTERIORMENTE E DE PRODUTOS USADOS,"- - COMÉRCIO VAREJISTA DE ARTIGOS CULTURAIS, RECREATIVOS E ESPORTIVOS","- - COMÉRCIO VAREJISTA DE ARTIGOS CULTURAIS, RECREATIVOS E ESPORTIVOS","- - COMÉRCIO VAREJISTA DE ARTIGOS CULTURAIS, RECREATIVOS E ESPORTIVOS","ATIVIDADES FINANCEIRAS, DE SEGUROS E SERVIÇOS RELACIONADOS","- - COMÉRCIO VAREJISTA DE ARTIGOS CULTURAIS, RECREATIVOS E ESPORTIVOS",0
180,banco da amizade,NÃO DEFINIDO,"ATIVIDADES FINANCEIRAS, DE SEGUROS E SERVIÇOS RELACIONADOS","ATIVIDADES FINANCEIRAS, DE SEGUROS E SERVIÇOS RELACIONADOS","ATIVIDADES FINANCEIRAS, DE SEGUROS E SERVIÇOS RELACIONADOS","ATIVIDADES FINANCEIRAS, DE SEGUROS E SERVIÇOS RELACIONADOS","ATIVIDADES FINANCEIRAS, DE SEGUROS E SERVIÇOS RELACIONADOS",0
192,banestes,"ATIVIDADES FINANCEIRAS, DE SEGUROS E SERVIÇOS RELACIONADOS",- - COMÉRCIO VAREJISTA DE PRODUTOS NOVOS NÃO ESPECIFICADOS ANTERIORMENTE E DE PRODUTOS USADOS,NÃO DEFINIDO,- - COMÉRCIO VAREJISTA DE PRODUTOS NOVOS NÃO ESPECIFICADOS ANTERIORMENTE E DE PRODUTOS USADOS,NÃO DEFINIDO,- - COMÉRCIO VAREJISTA DE PRODUTOS NOVOS NÃO ESPECIFICADOS ANTERIORMENTE E DE PRODUTOS USADOS,0
222,baraca de guardar bagulho,- ARMAZENAMENTO E ATIVIDADES AUXILIARES DOS TRANSPORTES,- ALIMENTAÇÃO,- ALIMENTAÇÃO,- ALIMENTAÇÃO,- TRANSPORTE AQUAVIÁRIO,- ALIMENTAÇÃO,0
225,barracao  de  leite,"- - COMÉRCIO VAREJISTA DE PRODUTOS ALIMENTÍCIOS, BEBIDAS E FUMO","AGRICULTURA, PECUÁRIA, PRODUÇÃO FLORESTAL, PESCA E AQUICULTURA","AGRICULTURA, PECUÁRIA, PRODUÇÃO FLORESTAL, PESCA E AQUICULTURA","AGRICULTURA, PECUÁRIA, PRODUÇÃO FLORESTAL, PESCA E AQUICULTURA","AGRICULTURA, PECUÁRIA, PRODUÇÃO FLORESTAL, PESCA E AQUICULTURA","AGRICULTURA, PECUÁRIA, PRODUÇÃO FLORESTAL, PESCA E AQUICULTURA",0
227,barracao de transportadora,- ARMAZENAMENTO E ATIVIDADES AUXILIARES DOS TRANSPORTES,- TRANSPORTE TERRESTRE,- TRANSPORTE TERRESTRE,- TRANSPORTE TERRESTRE,- TRANSPORTE TERRESTRE,- TRANSPORTE TERRESTRE,0
231,barragem hidreletrica,ELETRICIDADE E GÁS,- - COMÉRCIO VAREJISTA DE PRODUTOS NOVOS NÃO ESPECIFICADOS ANTERIORMENTE E DE PRODUTOS USADOS,NÃO DEFINIDO,- - COMÉRCIO VAREJISTA DE PRODUTOS NOVOS NÃO ESPECIFICADOS ANTERIORMENTE E DE PRODUTOS USADOS,CONSTRUÇÃO,"ÁGUA, ESGOTO, ATIVIDADES DE GESTÃO DE RESÍDUOS E DESCONTAMINAÇÃO",0
233,bazar,- - COMÉRCIO VAREJISTA NÃO ESPECIALIZADO,- - COMÉRCIO VAREJISTA DE PRODUTOS NOVOS NÃO ESPECIFICADOS ANTERIORMENTE E DE PRODUTOS USADOS,- - COMÉRCIO VAREJISTA DE PRODUTOS NOVOS NÃO ESPECIFICADOS ANTERIORMENTE E DE PRODUTOS USADOS,- - COMÉRCIO VAREJISTA DE PRODUTOS NOVOS NÃO ESPECIFICADOS ANTERIORMENTE E DE PRODUTOS USADOS,- - COMÉRCIO VAREJISTA DE PRODUTOS NOVOS NÃO ESPECIFICADOS ANTERIORMENTE E DE PRODUTOS USADOS,- - COMÉRCIO VAREJISTA DE PRODUTOS NOVOS NÃO ESPECIFICADOS ANTERIORMENTE E DE PRODUTOS USADOS,0
234,bazar anadu,- - COMÉRCIO VAREJISTA NÃO ESPECIALIZADO,- - COMÉRCIO VAREJISTA DE PRODUTOS NOVOS NÃO ESPECIFICADOS ANTERIORMENTE E DE PRODUTOS USADOS,- - COMÉRCIO VAREJISTA DE PRODUTOS NOVOS NÃO ESPECIFICADOS ANTERIORMENTE E DE PRODUTOS USADOS,- - COMÉRCIO VAREJISTA DE PRODUTOS NOVOS NÃO ESPECIFICADOS ANTERIORMENTE E DE PRODUTOS USADOS,- - COMÉRCIO VAREJISTA DE PRODUTOS NOVOS NÃO ESPECIFICADOS ANTERIORMENTE E DE PRODUTOS USADOS,- - COMÉRCIO VAREJISTA DE PRODUTOS NOVOS NÃO ESPECIFICADOS ANTERIORMENTE E DE PRODUTOS USADOS,0
235,bazar e papelaria real mais,- - COMÉRCIO VAREJISTA NÃO ESPECIALIZADO,- - COMÉRCIO VAREJISTA DE PRODUTOS NOVOS NÃO ESPECIFICADOS ANTERIORMENTE E DE PRODUTOS USADOS,- - COMÉRCIO VAREJISTA DE PRODUTOS NOVOS NÃO ESPECIFICADOS ANTERIORMENTE E DE PRODUTOS USADOS,- - COMÉRCIO VAREJISTA DE PRODUTOS NOVOS NÃO ESPECIFICADOS ANTERIORMENTE E DE PRODUTOS USADOS,"- - COMÉRCIO VAREJISTA DE ARTIGOS CULTURAIS, RECREATIVOS E ESPORTIVOS",- - COMÉRCIO VAREJISTA DE PRODUTOS NOVOS NÃO ESPECIFICADOS ANTERIORMENTE E DE PRODUTOS USADOS,0
236,bella mania brinquedos bazar e presentes,- - COMÉRCIO VAREJISTA NÃO ESPECIALIZADO,- - COMÉRCIO VAREJISTA DE PRODUTOS NOVOS NÃO ESPECIFICADOS ANTERIORMENTE E DE PRODUTOS USADOS,- - COMÉRCIO VAREJISTA DE PRODUTOS NOVOS NÃO ESPECIFICADOS ANTERIORMENTE E DE PRODUTOS USADOS,- - COMÉRCIO VAREJISTA DE PRODUTOS NOVOS NÃO ESPECIFICADOS ANTERIORMENTE E DE PRODUTOS USADOS,- - COMÉRCIO VAREJISTA DE PRODUTOS NOVOS NÃO ESPECIFICADOS ANTERIORMENTE E DE PRODUTOS USADOS,"- - COMÉRCIO VAREJISTA DE ARTIGOS CULTURAIS, RECREATIVOS E ESPORTIVOS",0
237,belvedere magazine confeccoes e presente,- - COMÉRCIO VAREJISTA NÃO ESPECIALIZADO,- - COMÉRCIO VAREJISTA DE PRODUTOS NOVOS NÃO ESPECIFICADOS ANTERIORMENTE E DE PRODUTOS USADOS,- - COMÉRCIO VAREJISTA DE PRODUTOS NOVOS NÃO ESPECIFICADOS ANTERIORMENTE E DE PRODUTOS USADOS,- - COMÉRCIO VAREJISTA DE PRODUTOS NOVOS NÃO ESPECIFICADOS ANTERIORMENTE E DE PRODUTOS USADOS,- - COMÉRCIO VAREJISTA DE PRODUTOS NOVOS NÃO ESPECIFICADOS ANTERIORMENTE E DE PRODUTOS USADOS,- - COMÉRCIO VAREJISTA DE PRODUTOS NOVOS NÃO ESPECIFICADOS ANTERIORMENTE E DE PRODUTOS USADOS,0
242,birosca,- ALIMENTAÇÃO,- - COMÉRCIO VAREJISTA DE PRODUTOS NOVOS NÃO ESPECIFICADOS ANTERIORMENTE E DE PRODUTOS USADOS,NÃO DEFINIDO,- - COMÉRCIO VAREJISTA DE PRODUTOS NOVOS NÃO ESPECIFICADOS ANTERIORMENTE E DE PRODUTOS USADOS,NÃO DEFINIDO,ATIVIDADES ADMINISTRATIVAS E SERVIÇOS COMPLEMENTARES,0
245,bolsa brasileira de cereais,"- COMÉRCIO POR ATACADO, EXCETO VEÍCULOS AUTOMOTORES E MOTOCICLETAS",- - COMÉRCIO VAREJISTA DE PRODUTOS NOVOS NÃO ESPECIFICADOS ANTERIORMENTE E DE PRODUTOS USADOS,ELETRICIDADE E GÁS,"- - COMÉRCIO VAREJISTA DE PRODUTOS ALIMENTÍCIOS, BEBIDAS E FUMO",- TRANSPORTE AQUAVIÁRIO,"ARTES, CULTURA, ESPORTE E RECREAÇÃO",0
253,bracol higiene profissional,OUTRAS ATIVIDADES DE SERVIÇOS,- - COMÉRCIO VAREJISTA DE PRODUTOS NOVOS NÃO ESPECIFICADOS ANTERIORMENTE E DE PRODUTOS USADOS,NÃO DEFINIDO,- - COMÉRCIO VAREJISTA DE PRODUTOS NOVOS NÃO ESPECIFICADOS ANTERIORMENTE E DE PRODUTOS USADOS,- TRANSPORTE AQUAVIÁRIO,"- - COMÉRCIO VAREJISTA DE PRODUTOS FARMACÊUTICOS, PERFUMARIA E COSMÉTICOS E ARTIGOS MÉDICOS, ÓPTICOS E ORTOPÉDICOS",0
256,bric rafo,- - COMÉRCIO VAREJISTA DE EQUIPAMENTOS DE INFORMÁTICA E COMUNICAÇÃO; EQUIPAMENTOS E ARTIGOS DE USO DOMÉSTICO,- - COMÉRCIO VAREJISTA DE PRODUTOS NOVOS NÃO ESPECIFICADOS ANTERIORMENTE E DE PRODUTOS USADOS,- - COMÉRCIO VAREJISTA DE PRODUTOS NOVOS NÃO ESPECIFICADOS ANTERIORMENTE E DE PRODUTOS USADOS,- - COMÉRCIO VAREJISTA DE PRODUTOS NOVOS NÃO ESPECIFICADOS ANTERIORMENTE E DE PRODUTOS USADOS,- TRANSPORTE AQUAVIÁRIO,- - COMÉRCIO VAREJISTA DE PRODUTOS NOVOS NÃO ESPECIFICADOS ANTERIORMENTE E DE PRODUTOS USADOS,0
285,campo,DESOCUPADO,"ARTES, CULTURA, ESPORTE E RECREAÇÃO","ARTES, CULTURA, ESPORTE E RECREAÇÃO","ARTES, CULTURA, ESPORTE E RECREAÇÃO",NÃO DEFINIDO,"ARTES, CULTURA, ESPORTE E RECREAÇÃO",0
293,capatazia de obra frefeitura,- ARMAZENAMENTO E ATIVIDADES AUXILIARES DOS TRANSPORTES,OBRAS,OBRAS,OBRAS,NÃO DEFINIDO,CONSTRUÇÃO,0
296,carandai radio eletro,- - COMÉRCIO VAREJISTA DE EQUIPAMENTOS DE INFORMÁTICA E COMUNICAÇÃO; EQUIPAMENTOS E ARTIGOS DE USO DOMÉSTICO,INFORMAÇÃO E COMUNICAÇÃO,NÃO DEFINIDO,INFORMAÇÃO E COMUNICAÇÃO,INFORMAÇÃO E COMUNICAÇÃO,INFORMAÇÃO E COMUNICAÇÃO,0
313,carvoaria cocalinho,"AGRICULTURA, PECUÁRIA, PRODUÇÃO FLORESTAL, PESCA E AQUICULTURA",- - COMÉRCIO VAREJISTA DE PRODUTOS NOVOS NÃO ESPECIFICADOS ANTERIORMENTE E DE PRODUTOS USADOS,INDÚSTRIAS EXTRATIVAS,- - COMÉRCIO VAREJISTA DE PRODUTOS NOVOS NÃO ESPECIFICADOS ANTERIORMENTE E DE PRODUTOS USADOS,NÃO DEFINIDO,"ATIVIDADES PROFISSIONAIS, CIENTÍFICAS E TÉCNICAS",0
320,casa das antenas,- - COMÉRCIO VAREJISTA DE EQUIPAMENTOS DE INFORMÁTICA E COMUNICAÇÃO; EQUIPAMENTOS E ARTIGOS DE USO DOMÉSTICO,INFORMAÇÃO E COMUNICAÇÃO,INFORMAÇÃO E COMUNICAÇÃO,INFORMAÇÃO E COMUNICAÇÃO,NÃO DEFINIDO,INFORMAÇÃO E COMUNICAÇÃO,0
328,casa de morador,NÃO DEFINIDO,"AGRICULTURA, PECUÁRIA, PRODUÇÃO FLORESTAL, PESCA E AQUICULTURA","- - COMÉRCIO VAREJISTA DE PRODUTOS ALIMENTÍCIOS, BEBIDAS E FUMO","AGRICULTURA, PECUÁRIA, PRODUÇÃO FLORESTAL, PESCA E AQUICULTURA","AGRICULTURA, PECUÁRIA, PRODUÇÃO FLORESTAL, PESCA E AQUICULTURA",DESOCUPADO,0
331,casa de prodzir farinha,INDÚSTRIAS DE TRANSFORMAÇÃO,"- - COMÉRCIO VAREJISTA DE PRODUTOS ALIMENTÍCIOS, BEBIDAS E FUMO",- ALIMENTAÇÃO,"- - COMÉRCIO VAREJISTA DE PRODUTOS ALIMENTÍCIOS, BEBIDAS E FUMO",NÃO DEFINIDO,"- - COMÉRCIO VAREJISTA DE PRODUTOS ALIMENTÍCIOS, BEBIDAS E FUMO",0
354,central de inceminacao,"AGRICULTURA, PECUÁRIA, PRODUÇÃO FLORESTAL, PESCA E AQUICULTURA",- - COMÉRCIO VAREJISTA DE PRODUTOS NOVOS NÃO ESPECIFICADOS ANTERIORMENTE E DE PRODUTOS USADOS,INFORMAÇÃO E COMUNICAÇÃO,"- - COMÉRCIO VAREJISTA DE PRODUTOS ALIMENTÍCIOS, BEBIDAS E FUMO",NÃO DEFINIDO,"ÁGUA, ESGOTO, ATIVIDADES DE GESTÃO DE RESÍDUOS E DESCONTAMINAÇÃO",0
356,central dos servicos,OUTRAS ATIVIDADES DE SERVIÇOS,- - COMÉRCIO VAREJISTA DE PRODUTOS NOVOS NÃO ESPECIFICADOS ANTERIORMENTE E DE PRODUTOS USADOS,"- - COMÉRCIO VAREJISTA DE PRODUTOS ALIMENTÍCIOS, BEBIDAS E FUMO",INFORMAÇÃO E COMUNICAÇÃO,NÃO DEFINIDO,ELETRICIDADE E GÁS,0
365,centro de suporte especializado de assis,SAÚDE HUMANA E SERVIÇOS SOCIAIS,"IGREJAS, TEMPLOS E ATIVIDADES RELIGIOSAS","IGREJAS, TEMPLOS E ATIVIDADES RELIGIOSAS","IGREJAS, TEMPLOS E ATIVIDADES RELIGIOSAS",NÃO DEFINIDO,"ARTES, CULTURA, ESPORTE E RECREAÇÃO",0
378,choperia do hotel,- ALIMENTAÇÃO,- ALOJAMENTO,- ALOJAMENTO,- ALOJAMENTO,- ALOJAMENTO,- ALOJAMENTO,0
380,ciafrios alimentos selecionados,"- - COMÉRCIO VAREJISTA DE PRODUTOS ALIMENTÍCIOS, BEBIDAS E FUMO","- - - COMÉRCIO VAREJISTA DE MERCADORIAS EM GERAL, COM PREDOMINÂNCIA DE PRODUTOS ALIMENTÍCIOS - MINIMERCADOS, MERCEARIAS E ARMAZÉNS",NÃO DEFINIDO,"- - - COMÉRCIO VAREJISTA DE MERCADORIAS EM GERAL, COM PREDOMINÂNCIA DE PRODUTOS ALIMENTÍCIOS - MINIMERCADOS, MERCEARIAS E ARMAZÉNS",INDÚSTRIAS EXTRATIVAS,"- - - COMÉRCIO VAREJISTA DE MERCADORIAS EM GERAL, COM PREDOMINÂNCIA DE PRODUTOS ALIMENTÍCIOS - MINIMERCADOS, MERCEARIAS E ARMAZÉNS",0
387,clima frio ar condicionado,- - COMÉRCIO VAREJISTA DE MATERIAL DE CONSTRUÇÃO,- - COMÉRCIO VAREJISTA DE PRODUTOS NOVOS NÃO ESPECIFICADOS ANTERIORMENTE E DE PRODUTOS USADOS,NÃO DEFINIDO,- - COMÉRCIO VAREJISTA DE PRODUTOS NOVOS NÃO ESPECIFICADOS ANTERIORMENTE E DE PRODUTOS USADOS,CONSTRUÇÃO,DESOCUPADO,0
407,coletivo multirou,EDUCAÇÃO,- - COMÉRCIO VAREJISTA DE PRODUTOS NOVOS NÃO ESPECIFICADOS ANTERIORMENTE E DE PRODUTOS USADOS,NÃO DEFINIDO,- - COMÉRCIO VAREJISTA DE PRODUTOS NOVOS NÃO ESPECIFICADOS ANTERIORMENTE E DE PRODUTOS USADOS,- TRANSPORTE TERRESTRE,SAÚDE HUMANA E SERVIÇOS SOCIAIS,0
411,com de alimentos,"- - COMÉRCIO VAREJISTA DE PRODUTOS ALIMENTÍCIOS, BEBIDAS E FUMO",- - COMÉRCIO VAREJISTA DE PRODUTOS NOVOS NÃO ESPECIFICADOS ANTERIORMENTE E DE PRODUTOS USADOS,"- - - COMÉRCIO VAREJISTA DE MERCADORIAS EM GERAL, COM PREDOMINÂNCIA DE PRODUTOS ALIMENTÍCIOS - MINIMERCADOS, MERCEARIAS E ARMAZÉNS","- - - COMÉRCIO VAREJISTA DE MERCADORIAS EM GERAL, COM PREDOMINÂNCIA DE PRODUTOS ALIMENTÍCIOS - MINIMERCADOS, MERCEARIAS E ARMAZÉNS",INDÚSTRIAS EXTRATIVAS,"- - - COMÉRCIO VAREJISTA DE MERCADORIAS EM GERAL, COM PREDOMINÂNCIA DE PRODUTOS ALIMENTÍCIOS - MINIMERCADOS, MERCEARIAS E ARMAZÉNS",0
412,comecial aarao,- COMÉRCIO VAREJISTA,- - COMÉRCIO VAREJISTA DE PRODUTOS NOVOS NÃO ESPECIFICADOS ANTERIORMENTE E DE PRODUTOS USADOS,NÃO DEFINIDO,- - COMÉRCIO VAREJISTA DE PRODUTOS NOVOS NÃO ESPECIFICADOS ANTERIORMENTE E DE PRODUTOS USADOS,INDÚSTRIAS EXTRATIVAS,- CORREIO E OUTRAS ATIVIDADES DE ENTREGA,0
415,comerci de produtos alimenticios,"- - COMÉRCIO VAREJISTA DE PRODUTOS ALIMENTÍCIOS, BEBIDAS E FUMO",- - COMÉRCIO VAREJISTA DE PRODUTOS NOVOS NÃO ESPECIFICADOS ANTERIORMENTE E DE PRODUTOS USADOS,"- - - COMÉRCIO VAREJISTA DE MERCADORIAS EM GERAL, COM PREDOMINÂNCIA DE PRODUTOS ALIMENTÍCIOS - MINIMERCADOS, MERCEARIAS E ARMAZÉNS","- - COMÉRCIO VAREJISTA DE PRODUTOS FARMACÊUTICOS, PERFUMARIA E COSMÉTICOS E ARTIGOS MÉDICOS, ÓPTICOS E ORTOPÉDICOS",INDÚSTRIAS EXTRATIVAS,- - COMÉRCIO VAREJISTA DE PRODUTOS NOVOS NÃO ESPECIFICADOS ANTERIORMENTE E DE PRODUTOS USADOS,0
438,comercio de cereais e goloseimas,"- - COMÉRCIO VAREJISTA DE PRODUTOS ALIMENTÍCIOS, BEBIDAS E FUMO",- - COMÉRCIO VAREJISTA DE PRODUTOS NOVOS NÃO ESPECIFICADOS ANTERIORMENTE E DE PRODUTOS USADOS,- - COMÉRCIO VAREJISTA DE MATERIAL DE CONSTRUÇÃO,- - COMÉRCIO VAREJISTA DE PRODUTOS NOVOS NÃO ESPECIFICADOS ANTERIORMENTE E DE PRODUTOS USADOS,- COMÉRCIO VAREJISTA,- - COMÉRCIO VAREJISTA DE PRODUTOS NOVOS NÃO ESPECIFICADOS ANTERIORMENTE E DE PRODUTOS USADOS,0
442,comercio de frutas e verdura,"- - COMÉRCIO VAREJISTA DE PRODUTOS ALIMENTÍCIOS, BEBIDAS E FUMO",- - COMÉRCIO VAREJISTA DE PRODUTOS NOVOS NÃO ESPECIFICADOS ANTERIORMENTE E DE PRODUTOS USADOS,- - COMÉRCIO VAREJISTA DE PRODUTOS NOVOS NÃO ESPECIFICADOS ANTERIORMENTE E DE PRODUTOS USADOS,- - COMÉRCIO VAREJISTA DE PRODUTOS NOVOS NÃO ESPECIFICADOS ANTERIORMENTE E DE PRODUTOS USADOS,- COMÉRCIO VAREJISTA,- - COMÉRCIO VAREJISTA NÃO ESPECIALIZADO,0
443,comercio de frutas e verduras,"- - COMÉRCIO VAREJISTA DE PRODUTOS ALIMENTÍCIOS, BEBIDAS E FUMO",- - COMÉRCIO VAREJISTA DE PRODUTOS NOVOS NÃO ESPECIFICADOS ANTERIORMENTE E DE PRODUTOS USADOS,- - COMÉRCIO VAREJISTA DE PRODUTOS NOVOS NÃO ESPECIFICADOS ANTERIORMENTE E DE PRODUTOS USADOS,- - COMÉRCIO VAREJISTA DE PRODUTOS NOVOS NÃO ESPECIFICADOS ANTERIORMENTE E DE PRODUTOS USADOS,- COMÉRCIO VAREJISTA,- - COMÉRCIO VAREJISTA NÃO ESPECIALIZADO,0
448,comercio de onibus,- COMÉRCIO E REPARAÇÃO DE VEÍCULOS AUTOMOTORES E MOTOCICLETAS,- - COMÉRCIO VAREJISTA DE PRODUTOS NOVOS NÃO ESPECIFICADOS ANTERIORMENTE E DE PRODUTOS USADOS,- - COMÉRCIO VAREJISTA DE PRODUTOS NOVOS NÃO ESPECIFICADOS ANTERIORMENTE E DE PRODUTOS USADOS,- - COMÉRCIO VAREJISTA DE PRODUTOS NOVOS NÃO ESPECIFICADOS ANTERIORMENTE E DE PRODUTOS USADOS,- TRANSPORTE TERRESTRE,- - COMÉRCIO VAREJISTA DE PRODUTOS NOVOS NÃO ESPECIFICADOS ANTERIORMENTE E DE PRODUTOS USADOS,0
449,comercio de produtos alimenticios,"- - COMÉRCIO VAREJISTA DE PRODUTOS ALIMENTÍCIOS, BEBIDAS E FUMO",- - COMÉRCIO VAREJISTA DE PRODUTOS NOVOS NÃO ESPECIFICADOS ANTERIORMENTE E DE PRODUTOS USADOS,"- - COMÉRCIO VAREJISTA DE PRODUTOS FARMACÊUTICOS, PERFUMARIA E COSMÉTICOS E ARTIGOS MÉDICOS, ÓPTICOS E ORTOPÉDICOS",- - COMÉRCIO VAREJISTA DE PRODUTOS NOVOS NÃO ESPECIFICADOS ANTERIORMENTE E DE PRODUTOS USADOS,- COMÉRCIO VAREJISTA,"- - COMÉRCIO VAREJISTA DE PRODUTOS FARMACÊUTICOS, PERFUMARIA E COSMÉTICOS E ARTIGOS MÉDICOS, ÓPTICOS E ORTOPÉDICOS",0
455,comercio tabaco,"- - COMÉRCIO VAREJISTA DE PRODUTOS ALIMENTÍCIOS, BEBIDAS E FUMO",- - COMÉRCIO VAREJISTA DE PRODUTOS NOVOS NÃO ESPECIFICADOS ANTERIORMENTE E DE PRODUTOS USADOS,- - COMÉRCIO VAREJISTA DE PRODUTOS NOVOS NÃO ESPECIFICADOS ANTERIORMENTE E DE PRODUTOS USADOS,- - COMÉRCIO VAREJISTA DE PRODUTOS NOVOS NÃO ESPECIFICADOS ANTERIORMENTE E DE PRODUTOS USADOS,- COMÉRCIO VAREJISTA,"AGRICULTURA, PECUÁRIA, PRODUÇÃO FLORESTAL, PESCA E AQUICULTURA",0
469,compensados parmacenter,- - COMÉRCIO VAREJISTA DE MATERIAL DE CONSTRUÇÃO,- - COMÉRCIO VAREJISTA DE PRODUTOS NOVOS NÃO ESPECIFICADOS ANTERIORMENTE E DE PRODUTOS USADOS,NÃO DEFINIDO,- - COMÉRCIO VAREJISTA DE PRODUTOS NOVOS NÃO ESPECIFICADOS ANTERIORMENTE E DE PRODUTOS USADOS,- COMÉRCIO VAREJISTA,"ATIVIDADES FINANCEIRAS, DE SEGUROS E SERVIÇOS RELACIONADOS",0
474,concelio tutelar,"ADMINISTRAÇÃO PÚBLICA, DEFESA E SEGURIDADE SOCIAL",- - COMÉRCIO VAREJISTA DE PRODUTOS NOVOS NÃO ESPECIFICADOS ANTERIORMENTE E DE PRODUTOS USADOS,NÃO DEFINIDO,- - COMÉRCIO VAREJISTA DE PRODUTOS NOVOS NÃO ESPECIFICADOS ANTERIORMENTE E DE PRODUTOS USADOS,ORGANISMOS INTERNACIONAIS E OUTRAS INSTITUIÇÕES EXTRATERRITORIAIS,"AGRICULTURA, PECUÁRIA, PRODUÇÃO FLORESTAL, PESCA E AQUICULTURA",0
485,conserto de maquinas de assar frango,OUTRAS ATIVIDADES DE SERVIÇOS,- - COMÉRCIO VAREJISTA DE PRODUTOS NOVOS NÃO ESPECIFICADOS ANTERIORMENTE E DE PRODUTOS USADOS,INDÚSTRIAS DE TRANSFORMAÇÃO,INDÚSTRIAS DE TRANSFORMAÇÃO,NÃO DEFINIDO,- COMÉRCIO E REPARAÇÃO DE VEÍCULOS AUTOMOTORES E MOTOCICLETAS,0
488,consoles e bagagitos tapecaria apucarana,- COMÉRCIO E REPARAÇÃO DE VEÍCULOS AUTOMOTORES E MOTOCICLETAS,- - COMÉRCIO VAREJISTA DE PRODUTOS NOVOS NÃO ESPECIFICADOS ANTERIORMENTE E DE PRODUTOS USADOS,NÃO DEFINIDO,- - COMÉRCIO VAREJISTA DE PRODUTOS NOVOS NÃO ESPECIFICADOS ANTERIORMENTE E DE PRODUTOS USADOS,ORGANISMOS INTERNACIONAIS E OUTRAS INSTITUIÇÕES EXTRATERRITORIAIS,"ARTES, CULTURA, ESPORTE E RECREAÇÃO",0
489,constru cad,CONSTRUÇÃO,- - COMÉRCIO VAREJISTA DE PRODUTOS NOVOS NÃO ESPECIFICADOS ANTERIORMENTE E DE PRODUTOS USADOS,NÃO DEFINIDO,- - COMÉRCIO VAREJISTA DE PRODUTOS NOVOS NÃO ESPECIFICADOS ANTERIORMENTE E DE PRODUTOS USADOS,"ATIVIDADES PROFISSIONAIS, CIENTÍFICAS E TÉCNICAS",- - COMÉRCIO VAREJISTA DE MATERIAL DE CONSTRUÇÃO,0
514,contrutora civil,CONSTRUÇÃO,- - COMÉRCIO VAREJISTA DE PRODUTOS NOVOS NÃO ESPECIFICADOS ANTERIORMENTE E DE PRODUTOS USADOS,NÃO DEFINIDO,- - COMÉRCIO VAREJISTA DE PRODUTOS NOVOS NÃO ESPECIFICADOS ANTERIORMENTE E DE PRODUTOS USADOS,"ADMINISTRAÇÃO PÚBLICA, DEFESA E SEGURIDADE SOCIAL","ATIVIDADES PROFISSIONAIS, CIENTÍFICAS E TÉCNICAS",0
520,correio do estado,INFORMAÇÃO E COMUNICAÇÃO,- CORREIO E OUTRAS ATIVIDADES DE ENTREGA,- CORREIO E OUTRAS ATIVIDADES DE ENTREGA,- ALIMENTAÇÃO,- CORREIO E OUTRAS ATIVIDADES DE ENTREGA,- CORREIO E OUTRAS ATIVIDADES DE ENTREGA,0
528,corretora de graos,"AGRICULTURA, PECUÁRIA, PRODUÇÃO FLORESTAL, PESCA E AQUICULTURA",- - COMÉRCIO VAREJISTA DE PRODUTOS NOVOS NÃO ESPECIFICADOS ANTERIORMENTE E DE PRODUTOS USADOS,"- - - COMÉRCIO VAREJISTA DE MERCADORIAS EM GERAL, COM PREDOMINÂNCIA DE PRODUTOS ALIMENTÍCIOS - MINIMERCADOS, MERCEARIAS E ARMAZÉNS",- - COMÉRCIO VAREJISTA DE PRODUTOS NOVOS NÃO ESPECIFICADOS ANTERIORMENTE E DE PRODUTOS USADOS,NÃO DEFINIDO,- CORREIO E OUTRAS ATIVIDADES DE ENTREGA,0
532,costureira,INDÚSTRIAS DE TRANSFORMAÇÃO,- - COMÉRCIO VAREJISTA DE PRODUTOS NOVOS NÃO ESPECIFICADOS ANTERIORMENTE E DE PRODUTOS USADOS,NÃO DEFINIDO,- - COMÉRCIO VAREJISTA DE PRODUTOS NOVOS NÃO ESPECIFICADOS ANTERIORMENTE E DE PRODUTOS USADOS,OUTRAS ATIVIDADES DE SERVIÇOS,"- - COMÉRCIO VAREJISTA DE PRODUTOS ALIMENTÍCIOS, BEBIDAS E FUMO",0
542,criatorio de pombo correio,"AGRICULTURA, PECUÁRIA, PRODUÇÃO FLORESTAL, PESCA E AQUICULTURA",- - COMÉRCIO VAREJISTA DE PRODUTOS NOVOS NÃO ESPECIFICADOS ANTERIORMENTE E DE PRODUTOS USADOS,- - COMÉRCIO VAREJISTA DE PRODUTOS NOVOS NÃO ESPECIFICADOS ANTERIORMENTE E DE PRODUTOS USADOS,- - COMÉRCIO VAREJISTA DE PRODUTOS NOVOS NÃO ESPECIFICADOS ANTERIORMENTE E DE PRODUTOS USADOS,- CORREIO E OUTRAS ATIVIDADES DE ENTREGA,- CORREIO E OUTRAS ATIVIDADES DE ENTREGA,0
557,dae,"ÁGUA, ESGOTO, ATIVIDADES DE GESTÃO DE RESÍDUOS E DESCONTAMINAÇÃO",- - COMÉRCIO VAREJISTA DE PRODUTOS NOVOS NÃO ESPECIFICADOS ANTERIORMENTE E DE PRODUTOS USADOS,NÃO DEFINIDO,- - COMÉRCIO VAREJISTA DE PRODUTOS NOVOS NÃO ESPECIFICADOS ANTERIORMENTE E DE PRODUTOS USADOS,NÃO DEFINIDO,NÃO DEFINIDO,0
569,dep maq e ins e ferramenta agr,- ARMAZENAMENTO E ATIVIDADES AUXILIARES DOS TRANSPORTES,- - COMÉRCIO VAREJISTA DE PRODUTOS NOVOS NÃO ESPECIFICADOS ANTERIORMENTE E DE PRODUTOS USADOS,NÃO DEFINIDO,- - COMÉRCIO VAREJISTA DE PRODUTOS NOVOS NÃO ESPECIFICADOS ANTERIORMENTE E DE PRODUTOS USADOS,NÃO DEFINIDO,"ADMINISTRAÇÃO PÚBLICA, DEFESA E SEGURIDADE SOCIAL",0
571,departamento de obras,CONSTRUÇÃO,"ADMINISTRAÇÃO PÚBLICA, DEFESA E SEGURIDADE SOCIAL","ADMINISTRAÇÃO PÚBLICA, DEFESA E SEGURIDADE SOCIAL","ADMINISTRAÇÃO PÚBLICA, DEFESA E SEGURIDADE SOCIAL",- - COMÉRCIO VAREJISTA NÃO ESPECIALIZADO,"ADMINISTRAÇÃO PÚBLICA, DEFESA E SEGURIDADE SOCIAL",0
572,departamento de terras,NÃO DEFINIDO,"ADMINISTRAÇÃO PÚBLICA, DEFESA E SEGURIDADE SOCIAL","ADMINISTRAÇÃO PÚBLICA, DEFESA E SEGURIDADE SOCIAL","ADMINISTRAÇÃO PÚBLICA, DEFESA E SEGURIDADE SOCIAL",- - COMÉRCIO VAREJISTA NÃO ESPECIALIZADO,"ADMINISTRAÇÃO PÚBLICA, DEFESA E SEGURIDADE SOCIAL",0
573,departamento de vendas de bones e camise,- - COMÉRCIO VAREJISTA DE PRODUTOS NOVOS NÃO ESPECIFICADOS ANTERIORMENTE E DE PRODUTOS USADOS,"ADMINISTRAÇÃO PÚBLICA, DEFESA E SEGURIDADE SOCIAL","ADMINISTRAÇÃO PÚBLICA, DEFESA E SEGURIDADE SOCIAL","ADMINISTRAÇÃO PÚBLICA, DEFESA E SEGURIDADE SOCIAL",- COMÉRCIO VAREJISTA,"- COMÉRCIO POR ATACADO, EXCETO VEÍCULOS AUTOMOTORES E MOTOCICLETAS",0
575,depos produtos alimenticio,- ARMAZENAMENTO E ATIVIDADES AUXILIARES DOS TRANSPORTES,- - COMÉRCIO VAREJISTA DE PRODUTOS NOVOS NÃO ESPECIFICADOS ANTERIORMENTE E DE PRODUTOS USADOS,- - COMÉRCIO VAREJISTA DE PRODUTOS NOVOS NÃO ESPECIFICADOS ANTERIORMENTE E DE PRODUTOS USADOS,"- - COMÉRCIO VAREJISTA DE PRODUTOS FARMACÊUTICOS, PERFUMARIA E COSMÉTICOS E ARTIGOS MÉDICOS, ÓPTICOS E ORTOPÉDICOS",INDÚSTRIAS EXTRATIVAS,"- - COMÉRCIO VAREJISTA DE PRODUTOS FARMACÊUTICOS, PERFUMARIA E COSMÉTICOS E ARTIGOS MÉDICOS, ÓPTICOS E ORTOPÉDICOS",0
579,deposito agua mineral da guarda,"- COMÉRCIO POR ATACADO, EXCETO VEÍCULOS AUTOMOTORES E MOTOCICLETAS",- ARMAZENAMENTO E ATIVIDADES AUXILIARES DOS TRANSPORTES,"ÁGUA, ESGOTO, ATIVIDADES DE GESTÃO DE RESÍDUOS E DESCONTAMINAÇÃO",- ARMAZENAMENTO E ATIVIDADES AUXILIARES DOS TRANSPORTES,- ARMAZENAMENTO E ATIVIDADES AUXILIARES DOS TRANSPORTES,"ÁGUA, ESGOTO, ATIVIDADES DE GESTÃO DE RESÍDUOS E DESCONTAMINAÇÃO",0
581,deposito comercial,"- COMÉRCIO POR ATACADO, EXCETO VEÍCULOS AUTOMOTORES E MOTOCICLETAS",- COMÉRCIO VAREJISTA,- COMÉRCIO VAREJISTA,- COMÉRCIO VAREJISTA,- ARMAZENAMENTO E ATIVIDADES AUXILIARES DOS TRANSPORTES,- ARMAZENAMENTO E ATIVIDADES AUXILIARES DOS TRANSPORTES,0
582,deposito construcao,CONSTRUÇÃO,- - COMÉRCIO VAREJISTA DE MATERIAL DE CONSTRUÇÃO,OBRAS,- - COMÉRCIO VAREJISTA DE MATERIAL DE CONSTRUÇÃO,- ARMAZENAMENTO E ATIVIDADES AUXILIARES DOS TRANSPORTES,- - COMÉRCIO VAREJISTA DE MATERIAL DE CONSTRUÇÃO,0
583,deposito construcao amanda,CONSTRUÇÃO,- - COMÉRCIO VAREJISTA DE MATERIAL DE CONSTRUÇÃO,OBRAS,- - COMÉRCIO VAREJISTA DE MATERIAL DE CONSTRUÇÃO,- ARMAZENAMENTO E ATIVIDADES AUXILIARES DOS TRANSPORTES,- - COMÉRCIO VAREJISTA DE MATERIAL DE CONSTRUÇÃO,0
586,deposito da duranox,INDÚSTRIAS DE TRANSFORMAÇÃO,- ARMAZENAMENTO E ATIVIDADES AUXILIARES DOS TRANSPORTES,- - COMÉRCIO VAREJISTA DE PRODUTOS NOVOS NÃO ESPECIFICADOS ANTERIORMENTE E DE PRODUTOS USADOS,- ARMAZENAMENTO E ATIVIDADES AUXILIARES DOS TRANSPORTES,- ARMAZENAMENTO E ATIVIDADES AUXILIARES DOS TRANSPORTES,- ARMAZENAMENTO E ATIVIDADES AUXILIARES DOS TRANSPORTES,0
594,deposito de bebidas,"- - COMÉRCIO VAREJISTA DE PRODUTOS ALIMENTÍCIOS, BEBIDAS E FUMO",- ARMAZENAMENTO E ATIVIDADES AUXILIARES DOS TRANSPORTES,- ARMAZENAMENTO E ATIVIDADES AUXILIARES DOS TRANSPORTES,- ARMAZENAMENTO E ATIVIDADES AUXILIARES DOS TRANSPORTES,- ALIMENTAÇÃO,- ARMAZENAMENTO E ATIVIDADES AUXILIARES DOS TRANSPORTES,0
596,deposito de carvao vegetal,"AGRICULTURA, PECUÁRIA, PRODUÇÃO FLORESTAL, PESCA E AQUICULTURA",- ARMAZENAMENTO E ATIVIDADES AUXILIARES DOS TRANSPORTES,INFORMAÇÃO E COMUNICAÇÃO,- ARMAZENAMENTO E ATIVIDADES AUXILIARES DOS TRANSPORTES,INDÚSTRIAS EXTRATIVAS,- ARMAZENAMENTO E ATIVIDADES AUXILIARES DOS TRANSPORTES,0
604,deposito de gas e agua chama gas,"- COMÉRCIO POR ATACADO, EXCETO VEÍCULOS AUTOMOTORES E MOTOCICLETAS",- - COMÉRCIO VAREJISTA DE PRODUTOS NOVOS NÃO ESPECIFICADOS ANTERIORMENTE E DE PRODUTOS USADOS,- - COMÉRCIO VAREJISTA DE PRODUTOS NOVOS NÃO ESPECIFICADOS ANTERIORMENTE E DE PRODUTOS USADOS,- - COMÉRCIO VAREJISTA DE PRODUTOS NOVOS NÃO ESPECIFICADOS ANTERIORMENTE E DE PRODUTOS USADOS,ELETRICIDADE E GÁS,- - COMÉRCIO VAREJISTA DE PRODUTOS NOVOS NÃO ESPECIFICADOS ANTERIORMENTE E DE PRODUTOS USADOS,0
607,deposito de macenaria,INDÚSTRIAS DE TRANSFORMAÇÃO,- ARMAZENAMENTO E ATIVIDADES AUXILIARES DOS TRANSPORTES,- ARMAZENAMENTO E ATIVIDADES AUXILIARES DOS TRANSPORTES,- ARMAZENAMENTO E ATIVIDADES AUXILIARES DOS TRANSPORTES,- ARMAZENAMENTO E ATIVIDADES AUXILIARES DOS TRANSPORTES,- ARMAZENAMENTO E ATIVIDADES AUXILIARES DOS TRANSPORTES,0
610,deposito de materiais de construcao usad,- ARMAZENAMENTO E ATIVIDADES AUXILIARES DOS TRANSPORTES,- - COMÉRCIO VAREJISTA DE MATERIAL DE CONSTRUÇÃO,- - COMÉRCIO VAREJISTA DE MATERIAL DE CONSTRUÇÃO,- - COMÉRCIO VAREJISTA DE MATERIAL DE CONSTRUÇÃO,- - COMÉRCIO VAREJISTA DE MATERIAL DE CONSTRUÇÃO,- - COMÉRCIO VAREJISTA DE MATERIAL DE CONSTRUÇÃO,0
620,deposito de sal,INDÚSTRIAS EXTRATIVAS,- ARMAZENAMENTO E ATIVIDADES AUXILIARES DOS TRANSPORTES,- ARMAZENAMENTO E ATIVIDADES AUXILIARES DOS TRANSPORTES,- ARMAZENAMENTO E ATIVIDADES AUXILIARES DOS TRANSPORTES,- ARMAZENAMENTO E ATIVIDADES AUXILIARES DOS TRANSPORTES,- ARMAZENAMENTO E ATIVIDADES AUXILIARES DOS TRANSPORTES,0
632,deposito mat construcao,- ARMAZENAMENTO E ATIVIDADES AUXILIARES DOS TRANSPORTES,- - COMÉRCIO VAREJISTA DE MATERIAL DE CONSTRUÇÃO,- - COMÉRCIO VAREJISTA DE MATERIAL DE CONSTRUÇÃO,- - COMÉRCIO VAREJISTA DE MATERIAL DE CONSTRUÇÃO,- - COMÉRCIO VAREJISTA DE MATERIAL DE CONSTRUÇÃO,- - COMÉRCIO VAREJISTA DE MATERIAL DE CONSTRUÇÃO,0
648,dinardi distribuicao de panfletos,ATIVIDADES ADMINISTRATIVAS E SERVIÇOS COMPLEMENTARES,- - COMÉRCIO VAREJISTA DE PRODUTOS NOVOS NÃO ESPECIFICADOS ANTERIORMENTE E DE PRODUTOS USADOS,ELETRICIDADE E GÁS,- - COMÉRCIO VAREJISTA DE PRODUTOS NOVOS NÃO ESPECIFICADOS ANTERIORMENTE E DE PRODUTOS USADOS,NÃO DEFINIDO,"- - - COMÉRCIO VAREJISTA DE MERCADORIAS EM GERAL, COM PREDOMINÂNCIA DE PRODUTOS ALIMENTÍCIOS - MINIMERCADOS, MERCEARIAS E ARMAZÉNS",0
652,disk agua indaia,"- - COMÉRCIO VAREJISTA DE PRODUTOS ALIMENTÍCIOS, BEBIDAS E FUMO",- - COMÉRCIO VAREJISTA DE PRODUTOS NOVOS NÃO ESPECIFICADOS ANTERIORMENTE E DE PRODUTOS USADOS,- - COMÉRCIO VAREJISTA DE PRODUTOS NOVOS NÃO ESPECIFICADOS ANTERIORMENTE E DE PRODUTOS USADOS,- - COMÉRCIO VAREJISTA DE PRODUTOS NOVOS NÃO ESPECIFICADOS ANTERIORMENTE E DE PRODUTOS USADOS,NÃO DEFINIDO,"ÁGUA, ESGOTO, ATIVIDADES DE GESTÃO DE RESÍDUOS E DESCONTAMINAÇÃO",0
685,doces venda,"- - COMÉRCIO VAREJISTA DE PRODUTOS ALIMENTÍCIOS, BEBIDAS E FUMO","- - - COMÉRCIO VAREJISTA DE MERCADORIAS EM GERAL, COM PREDOMINÂNCIA DE PRODUTOS ALIMENTÍCIOS - MINIMERCADOS, MERCEARIAS E ARMAZÉNS","- - - COMÉRCIO VAREJISTA DE MERCADORIAS EM GERAL, COM PREDOMINÂNCIA DE PRODUTOS ALIMENTÍCIOS - MINIMERCADOS, MERCEARIAS E ARMAZÉNS","- - - COMÉRCIO VAREJISTA DE MERCADORIAS EM GERAL, COM PREDOMINÂNCIA DE PRODUTOS ALIMENTÍCIOS - MINIMERCADOS, MERCEARIAS E ARMAZÉNS",- ALIMENTAÇÃO,- ALIMENTAÇÃO,0
702,egelte  assistencia tecnca de energia,OUTRAS ATIVIDADES DE SERVIÇOS,ELETRICIDADE E GÁS,ELETRICIDADE E GÁS,ELETRICIDADE E GÁS,ELETRICIDADE E GÁS,ELETRICIDADE E GÁS,0
705,eletronica aeroporto,OUTRAS ATIVIDADES DE SERVIÇOS,- TRANSPORTE AÉREO,- TRANSPORTE AÉREO,- TRANSPORTE AÉREO,- TRANSPORTE AÉREO,- TRANSPORTE AÉREO,0
706,eletronica andrade,OUTRAS ATIVIDADES DE SERVIÇOS,- - COMÉRCIO VAREJISTA DE PRODUTOS NOVOS NÃO ESPECIFICADOS ANTERIORMENTE E DE PRODUTOS USADOS,NÃO DEFINIDO,- - COMÉRCIO VAREJISTA DE PRODUTOS NOVOS NÃO ESPECIFICADOS ANTERIORMENTE E DE PRODUTOS USADOS,ELETRICIDADE E GÁS,- - COMÉRCIO VAREJISTA DE EQUIPAMENTOS DE INFORMÁTICA E COMUNICAÇÃO; EQUIPAMENTOS E ARTIGOS DE USO DOMÉSTICO,0
707,eletronica especializada,OUTRAS ATIVIDADES DE SERVIÇOS,- - COMÉRCIO VAREJISTA DE PRODUTOS NOVOS NÃO ESPECIFICADOS ANTERIORMENTE E DE PRODUTOS USADOS,NÃO DEFINIDO,- - COMÉRCIO VAREJISTA DE PRODUTOS NOVOS NÃO ESPECIFICADOS ANTERIORMENTE E DE PRODUTOS USADOS,ELETRICIDADE E GÁS,- - COMÉRCIO VAREJISTA DE EQUIPAMENTOS DE INFORMÁTICA E COMUNICAÇÃO; EQUIPAMENTOS E ARTIGOS DE USO DOMÉSTICO,0
708,eletronica lopes,OUTRAS ATIVIDADES DE SERVIÇOS,- - COMÉRCIO VAREJISTA DE PRODUTOS NOVOS NÃO ESPECIFICADOS ANTERIORMENTE E DE PRODUTOS USADOS,NÃO DEFINIDO,- - COMÉRCIO VAREJISTA DE PRODUTOS NOVOS NÃO ESPECIFICADOS ANTERIORMENTE E DE PRODUTOS USADOS,ELETRICIDADE E GÁS,INFORMAÇÃO E COMUNICAÇÃO,0
709,eletronica menezes,OUTRAS ATIVIDADES DE SERVIÇOS,- - COMÉRCIO VAREJISTA DE PRODUTOS NOVOS NÃO ESPECIFICADOS ANTERIORMENTE E DE PRODUTOS USADOS,NÃO DEFINIDO,- - COMÉRCIO VAREJISTA DE PRODUTOS NOVOS NÃO ESPECIFICADOS ANTERIORMENTE E DE PRODUTOS USADOS,ELETRICIDADE E GÁS,- - COMÉRCIO VAREJISTA DE EQUIPAMENTOS DE INFORMÁTICA E COMUNICAÇÃO; EQUIPAMENTOS E ARTIGOS DE USO DOMÉSTICO,0
710,eletronica minas gerais,OUTRAS ATIVIDADES DE SERVIÇOS,- - COMÉRCIO VAREJISTA DE PRODUTOS NOVOS NÃO ESPECIFICADOS ANTERIORMENTE E DE PRODUTOS USADOS,NÃO DEFINIDO,- - COMÉRCIO VAREJISTA DE PRODUTOS NOVOS NÃO ESPECIFICADOS ANTERIORMENTE E DE PRODUTOS USADOS,ELETRICIDADE E GÁS,INFORMAÇÃO E COMUNICAÇÃO,0
711,eletronica rms,OUTRAS ATIVIDADES DE SERVIÇOS,- - COMÉRCIO VAREJISTA DE PRODUTOS NOVOS NÃO ESPECIFICADOS ANTERIORMENTE E DE PRODUTOS USADOS,NÃO DEFINIDO,- - COMÉRCIO VAREJISTA DE PRODUTOS NOVOS NÃO ESPECIFICADOS ANTERIORMENTE E DE PRODUTOS USADOS,ELETRICIDADE E GÁS,INFORMAÇÃO E COMUNICAÇÃO,0
744,emporio,- - COMÉRCIO VAREJISTA NÃO ESPECIALIZADO,- - COMÉRCIO VAREJISTA DE PRODUTOS NOVOS NÃO ESPECIFICADOS ANTERIORMENTE E DE PRODUTOS USADOS,NÃO DEFINIDO,- - COMÉRCIO VAREJISTA DE PRODUTOS NOVOS NÃO ESPECIFICADOS ANTERIORMENTE E DE PRODUTOS USADOS,- - COMÉRCIO VAREJISTA DE PRODUTOS NOVOS NÃO ESPECIFICADOS ANTERIORMENTE E DE PRODUTOS USADOS,ORGANISMOS INTERNACIONAIS E OUTRAS INSTITUIÇÕES EXTRATERRITORIAIS,0
745,emporio alice,- - COMÉRCIO VAREJISTA NÃO ESPECIALIZADO,- - COMÉRCIO VAREJISTA DE PRODUTOS NOVOS NÃO ESPECIFICADOS ANTERIORMENTE E DE PRODUTOS USADOS,NÃO DEFINIDO,- - COMÉRCIO VAREJISTA DE PRODUTOS NOVOS NÃO ESPECIFICADOS ANTERIORMENTE E DE PRODUTOS USADOS,- - COMÉRCIO VAREJISTA DE PRODUTOS NOVOS NÃO ESPECIFICADOS ANTERIORMENTE E DE PRODUTOS USADOS,ORGANISMOS INTERNACIONAIS E OUTRAS INSTITUIÇÕES EXTRATERRITORIAIS,0
746,emporio central,- - COMÉRCIO VAREJISTA NÃO ESPECIALIZADO,- - COMÉRCIO VAREJISTA DE PRODUTOS NOVOS NÃO ESPECIFICADOS ANTERIORMENTE E DE PRODUTOS USADOS,"- - COMÉRCIO VAREJISTA DE PRODUTOS ALIMENTÍCIOS, BEBIDAS E FUMO",- - COMÉRCIO VAREJISTA DE PRODUTOS NOVOS NÃO ESPECIFICADOS ANTERIORMENTE E DE PRODUTOS USADOS,- - COMÉRCIO VAREJISTA DE PRODUTOS NOVOS NÃO ESPECIFICADOS ANTERIORMENTE E DE PRODUTOS USADOS,ORGANISMOS INTERNACIONAIS E OUTRAS INSTITUIÇÕES EXTRATERRITORIAIS,0
763,empresa de doces e salgados,INDÚSTRIAS DE TRANSFORMAÇÃO,- - COMÉRCIO VAREJISTA DE PRODUTOS NOVOS NÃO ESPECIFICADOS ANTERIORMENTE E DE PRODUTOS USADOS,- TRANSPORTE TERRESTRE,- TRANSPORTE TERRESTRE,- ALIMENTAÇÃO,- TRANSPORTE TERRESTRE,0
764,empresa de exportacao e importacao brazi,- ARMAZENAMENTO E ATIVIDADES AUXILIARES DOS TRANSPORTES,- - COMÉRCIO VAREJISTA DE PRODUTOS NOVOS NÃO ESPECIFICADOS ANTERIORMENTE E DE PRODUTOS USADOS,- TRANSPORTE TERRESTRE,- TRANSPORTE TERRESTRE,OUTRAS ATIVIDADES DE SERVIÇOS,- TRANSPORTE TERRESTRE,0
766,empresa de ipermeabilizantes,INDÚSTRIAS DE TRANSFORMAÇÃO,- TRANSPORTE TERRESTRE,- TRANSPORTE TERRESTRE,- TRANSPORTE TERRESTRE,OUTRAS ATIVIDADES DE SERVIÇOS,CONSTRUÇÃO,0
767,empresa de manutencao industrial,INDÚSTRIAS DE TRANSFORMAÇÃO,CONSTRUÇÃO,- TRANSPORTE TERRESTRE,CONSTRUÇÃO,OUTRAS ATIVIDADES DE SERVIÇOS,CONSTRUÇÃO,0
769,empresa de pintura imobiliaria,CONSTRUÇÃO,ATIVIDADES IMOBILIÁRIAS,ATIVIDADES IMOBILIÁRIAS,ATIVIDADES IMOBILIÁRIAS,ATIVIDADES IMOBILIÁRIAS,ATIVIDADES IMOBILIÁRIAS,0
770,empresa de prestacao de servicos,ATIVIDADES ADMINISTRATIVAS E SERVIÇOS COMPLEMENTARES,CONSTRUÇÃO,- TRANSPORTE TERRESTRE,CONSTRUÇÃO,OUTRAS ATIVIDADES DE SERVIÇOS,CONSTRUÇÃO,0
771,empresa de produtos alimenticios,INDÚSTRIAS DE TRANSFORMAÇÃO,- TRANSPORTE TERRESTRE,"- - - COMÉRCIO VAREJISTA DE MERCADORIAS EM GERAL, COM PREDOMINÂNCIA DE PRODUTOS ALIMENTÍCIOS - MINIMERCADOS, MERCEARIAS E ARMAZÉNS",- TRANSPORTE TERRESTRE,OUTRAS ATIVIDADES DE SERVIÇOS,"- - - COMÉRCIO VAREJISTA DE MERCADORIAS EM GERAL, COM PREDOMINÂNCIA DE PRODUTOS ALIMENTÍCIOS - MINIMERCADOS, MERCEARIAS E ARMAZÉNS",0
772,empresa de recauchutagem de pneu,INDÚSTRIAS DE TRANSFORMAÇÃO,- TRANSPORTE TERRESTRE,- TRANSPORTE TERRESTRE,- TRANSPORTE TERRESTRE,- COMÉRCIO E REPARAÇÃO DE VEÍCULOS AUTOMOTORES E MOTOCICLETAS,- COMÉRCIO E REPARAÇÃO DE VEÍCULOS AUTOMOTORES E MOTOCICLETAS,0
773,empresa de servicos de vistoria previa,"ATIVIDADES PROFISSIONAIS, CIENTÍFICAS E TÉCNICAS",CONSTRUÇÃO,CONSTRUÇÃO,CONSTRUÇÃO,OUTRAS ATIVIDADES DE SERVIÇOS,CONSTRUÇÃO,0
785,empresa hl consulria em rh,"ATIVIDADES PROFISSIONAIS, CIENTÍFICAS E TÉCNICAS",CONSTRUÇÃO,- - COMÉRCIO VAREJISTA DE PRODUTOS NOVOS NÃO ESPECIFICADOS ANTERIORMENTE E DE PRODUTOS USADOS,- TRANSPORTE TERRESTRE,INDÚSTRIAS DE TRANSFORMAÇÃO,ORGANISMOS INTERNACIONAIS E OUTRAS INSTITUIÇÕES EXTRATERRITORIAIS,0
786,empresa jsr,"ATIVIDADES PROFISSIONAIS, CIENTÍFICAS E TÉCNICAS",- TRANSPORTE TERRESTRE,INFORMAÇÃO E COMUNICAÇÃO,- TRANSPORTE TERRESTRE,INDÚSTRIAS DE TRANSFORMAÇÃO,CONSTRUÇÃO,0
787,empresa laboratorial de moveis,INDÚSTRIAS DE TRANSFORMAÇÃO,- - COMÉRCIO VAREJISTA DE PRODUTOS NOVOS NÃO ESPECIFICADOS ANTERIORMENTE E DE PRODUTOS USADOS,- TRANSPORTE TERRESTRE,- - COMÉRCIO VAREJISTA DE PRODUTOS NOVOS NÃO ESPECIFICADOS ANTERIORMENTE E DE PRODUTOS USADOS,- - COMÉRCIO VAREJISTA DE EQUIPAMENTOS DE INFORMÁTICA E COMUNICAÇÃO; EQUIPAMENTOS E ARTIGOS DE USO DOMÉSTICO,SAÚDE HUMANA E SERVIÇOS SOCIAIS,0
796,engeharia e construcao,"ATIVIDADES PROFISSIONAIS, CIENTÍFICAS E TÉCNICAS",- - COMÉRCIO VAREJISTA DE MATERIAL DE CONSTRUÇÃO,- - COMÉRCIO VAREJISTA DE MATERIAL DE CONSTRUÇÃO,- - COMÉRCIO VAREJISTA DE MATERIAL DE CONSTRUÇÃO,CONSTRUÇÃO,- - COMÉRCIO VAREJISTA DE MATERIAL DE CONSTRUÇÃO,0
805,equipamentos eletronicos,- - COMÉRCIO VAREJISTA DE EQUIPAMENTOS DE INFORMÁTICA E COMUNICAÇÃO; EQUIPAMENTOS E ARTIGOS DE USO DOMÉSTICO,INFORMAÇÃO E COMUNICAÇÃO,NÃO DEFINIDO,INFORMAÇÃO E COMUNICAÇÃO,ELETRICIDADE E GÁS,SAÚDE HUMANA E SERVIÇOS SOCIAIS,0
847,escritorio comercial,"ATIVIDADES PROFISSIONAIS, CIENTÍFICAS E TÉCNICAS",- COMÉRCIO VAREJISTA,- COMÉRCIO VAREJISTA,- COMÉRCIO VAREJISTA,- COMÉRCIO VAREJISTA,- COMÉRCIO VAREJISTA,0
852,escritorio da cidade da energia,"ATIVIDADES PROFISSIONAIS, CIENTÍFICAS E TÉCNICAS",ELETRICIDADE E GÁS,ELETRICIDADE E GÁS,ELETRICIDADE E GÁS,ELETRICIDADE E GÁS,ELETRICIDADE E GÁS,0
853,escritorio da empresa anne confeccoes,INDÚSTRIAS DE TRANSFORMAÇÃO,- - COMÉRCIO VAREJISTA DE PRODUTOS NOVOS NÃO ESPECIFICADOS ANTERIORMENTE E DE PRODUTOS USADOS,- - COMÉRCIO VAREJISTA DE PRODUTOS NOVOS NÃO ESPECIFICADOS ANTERIORMENTE E DE PRODUTOS USADOS,- - COMÉRCIO VAREJISTA DE PRODUTOS NOVOS NÃO ESPECIFICADOS ANTERIORMENTE E DE PRODUTOS USADOS,"ATIVIDADES PROFISSIONAIS, CIENTÍFICAS E TÉCNICAS",CONSTRUÇÃO,0
865,escritorio de cerigrafia,INDÚSTRIAS DE TRANSFORMAÇÃO,CONSTRUÇÃO,CONSTRUÇÃO,CONSTRUÇÃO,"ATIVIDADES PROFISSIONAIS, CIENTÍFICAS E TÉCNICAS",- - COMÉRCIO VAREJISTA DE COMBUSTÍVEIS PARA VEÍCULOS AUTOMOTORES,0
872,escritorio de cosmeticos,NÃO DEFINIDO,"- - COMÉRCIO VAREJISTA DE PRODUTOS FARMACÊUTICOS, PERFUMARIA E COSMÉTICOS E ARTIGOS MÉDICOS, ÓPTICOS E ORTOPÉDICOS","- - COMÉRCIO VAREJISTA DE PRODUTOS FARMACÊUTICOS, PERFUMARIA E COSMÉTICOS E ARTIGOS MÉDICOS, ÓPTICOS E ORTOPÉDICOS","- - COMÉRCIO VAREJISTA DE PRODUTOS FARMACÊUTICOS, PERFUMARIA E COSMÉTICOS E ARTIGOS MÉDICOS, ÓPTICOS E ORTOPÉDICOS","- - COMÉRCIO VAREJISTA DE PRODUTOS FARMACÊUTICOS, PERFUMARIA E COSMÉTICOS E ARTIGOS MÉDICOS, ÓPTICOS E ORTOPÉDICOS","- - COMÉRCIO VAREJISTA DE PRODUTOS FARMACÊUTICOS, PERFUMARIA E COSMÉTICOS E ARTIGOS MÉDICOS, ÓPTICOS E ORTOPÉDICOS",0
876,escritorio de importacao de exportacao,- ARMAZENAMENTO E ATIVIDADES AUXILIARES DOS TRANSPORTES,- - COMÉRCIO VAREJISTA DE PRODUTOS NOVOS NÃO ESPECIFICADOS ANTERIORMENTE E DE PRODUTOS USADOS,CONSTRUÇÃO,- - COMÉRCIO VAREJISTA DE PRODUTOS NOVOS NÃO ESPECIFICADOS ANTERIORMENTE E DE PRODUTOS USADOS,"ATIVIDADES PROFISSIONAIS, CIENTÍFICAS E TÉCNICAS",- TRANSPORTE TERRESTRE,0
880,escritorio de representacao comercial,"- COMÉRCIO POR ATACADO, EXCETO VEÍCULOS AUTOMOTORES E MOTOCICLETAS",- COMÉRCIO VAREJISTA,CONSTRUÇÃO,- COMÉRCIO VAREJISTA,- COMÉRCIO VAREJISTA,"ADMINISTRAÇÃO PÚBLICA, DEFESA E SEGURIDADE SOCIAL",0
886,escritorio do iagro,"ADMINISTRAÇÃO PÚBLICA, DEFESA E SEGURIDADE SOCIAL",- - COMÉRCIO VAREJISTA DE PRODUTOS NOVOS NÃO ESPECIFICADOS ANTERIORMENTE E DE PRODUTOS USADOS,"IGREJAS, TEMPLOS E ATIVIDADES RELIGIOSAS",CONSTRUÇÃO,"ATIVIDADES PROFISSIONAIS, CIENTÍFICAS E TÉCNICAS",SAÚDE HUMANA E SERVIÇOS SOCIAIS,0
888,escritorio do xiqueiro,"ATIVIDADES PROFISSIONAIS, CIENTÍFICAS E TÉCNICAS",- - COMÉRCIO VAREJISTA DE PRODUTOS NOVOS NÃO ESPECIFICADOS ANTERIORMENTE E DE PRODUTOS USADOS,CONSTRUÇÃO,- ALIMENTAÇÃO,"AGRICULTURA, PECUÁRIA, PRODUÇÃO FLORESTAL, PESCA E AQUICULTURA",- - COMÉRCIO VAREJISTA DE COMBUSTÍVEIS PARA VEÍCULOS AUTOMOTORES,0
890,escritorio empresa de transporte em cons,OBRAS,- TRANSPORTE TERRESTRE,- TRANSPORTE TERRESTRE,- TRANSPORTE TERRESTRE,- TRANSPORTE TERRESTRE,- TRANSPORTE TERRESTRE,0
893,escritorio facon,EDUCAÇÃO,CONSTRUÇÃO,NÃO DEFINIDO,CONSTRUÇÃO,"ATIVIDADES PROFISSIONAIS, CIENTÍFICAS E TÉCNICAS",- COMÉRCIO E REPARAÇÃO DE VEÍCULOS AUTOMOTORES E MOTOCICLETAS,0
909,estabelecimento de manutencao em geral,OUTRAS ATIVIDADES DE SERVIÇOS,- - COMÉRCIO VAREJISTA DE PRODUTOS NOVOS NÃO ESPECIFICADOS ANTERIORMENTE E DE PRODUTOS USADOS,- TRANSPORTE TERRESTRE,- - COMÉRCIO VAREJISTA DE PRODUTOS NOVOS NÃO ESPECIFICADOS ANTERIORMENTE E DE PRODUTOS USADOS,NÃO DEFINIDO,CONSTRUÇÃO,0
925,estacionamento,- TRANSPORTE TERRESTRE,- - COMÉRCIO VAREJISTA DE PRODUTOS NOVOS NÃO ESPECIFICADOS ANTERIORMENTE E DE PRODUTOS USADOS,NÃO DEFINIDO,- - COMÉRCIO VAREJISTA DE PRODUTOS NOVOS NÃO ESPECIFICADOS ANTERIORMENTE E DE PRODUTOS USADOS,- ARMAZENAMENTO E ATIVIDADES AUXILIARES DOS TRANSPORTES,- ALOJAMENTO,0
937,estofados patmos,INDÚSTRIAS DE TRANSFORMAÇÃO,- - COMÉRCIO VAREJISTA DE PRODUTOS NOVOS NÃO ESPECIFICADOS ANTERIORMENTE E DE PRODUTOS USADOS,NÃO DEFINIDO,- - COMÉRCIO VAREJISTA DE PRODUTOS NOVOS NÃO ESPECIFICADOS ANTERIORMENTE E DE PRODUTOS USADOS,"AGRICULTURA, PECUÁRIA, PRODUÇÃO FLORESTAL, PESCA E AQUICULTURA","AGRICULTURA, PECUÁRIA, PRODUÇÃO FLORESTAL, PESCA E AQUICULTURA",0
942,eventos sociais,ATIVIDADES ADMINISTRATIVAS E SERVIÇOS COMPLEMENTARES,- - COMÉRCIO VAREJISTA DE PRODUTOS NOVOS NÃO ESPECIFICADOS ANTERIORMENTE E DE PRODUTOS USADOS,NÃO DEFINIDO,- - COMÉRCIO VAREJISTA DE PRODUTOS NOVOS NÃO ESPECIFICADOS ANTERIORMENTE E DE PRODUTOS USADOS,NÃO DEFINIDO,"ARTES, CULTURA, ESPORTE E RECREAÇÃO",0
950,extracao de jogos a zebra,NÃO DEFINIDO,INDÚSTRIAS EXTRATIVAS,INDÚSTRIAS EXTRATIVAS,INDÚSTRIAS EXTRATIVAS,INDÚSTRIAS EXTRATIVAS,"ARTES, CULTURA, ESPORTE E RECREAÇÃO",0
965,fabrica de mineracao,INDÚSTRIAS DE TRANSFORMAÇÃO,INDÚSTRIAS EXTRATIVAS,INDÚSTRIAS EXTRATIVAS,INDÚSTRIAS EXTRATIVAS,INDÚSTRIAS EXTRATIVAS,INDÚSTRIAS EXTRATIVAS,0
991,ferramenaria,INDÚSTRIAS DE TRANSFORMAÇÃO,- - COMÉRCIO VAREJISTA DE PRODUTOS NOVOS NÃO ESPECIFICADOS ANTERIORMENTE E DE PRODUTOS USADOS,NÃO DEFINIDO,- - COMÉRCIO VAREJISTA DE PRODUTOS NOVOS NÃO ESPECIFICADOS ANTERIORMENTE E DE PRODUTOS USADOS,NÃO DEFINIDO,- - COMÉRCIO VAREJISTA DE MATERIAL DE CONSTRUÇÃO,0
996,firma,"ATIVIDADES PROFISSIONAIS, CIENTÍFICAS E TÉCNICAS",- - COMÉRCIO VAREJISTA DE PRODUTOS NOVOS NÃO ESPECIFICADOS ANTERIORMENTE E DE PRODUTOS USADOS,NÃO DEFINIDO,- - COMÉRCIO VAREJISTA DE PRODUTOS NOVOS NÃO ESPECIFICADOS ANTERIORMENTE E DE PRODUTOS USADOS,NÃO DEFINIDO,- COMÉRCIO E REPARAÇÃO DE VEÍCULOS AUTOMOTORES E MOTOCICLETAS,0
1000,fliperama,"ARTES, CULTURA, ESPORTE E RECREAÇÃO",- - COMÉRCIO VAREJISTA DE PRODUTOS NOVOS NÃO ESPECIFICADOS ANTERIORMENTE E DE PRODUTOS USADOS,NÃO DEFINIDO,- - COMÉRCIO VAREJISTA DE PRODUTOS NOVOS NÃO ESPECIFICADOS ANTERIORMENTE E DE PRODUTOS USADOS,NÃO DEFINIDO,"- - COMÉRCIO VAREJISTA DE PRODUTOS FARMACÊUTICOS, PERFUMARIA E COSMÉTICOS E ARTIGOS MÉDICOS, ÓPTICOS E ORTOPÉDICOS",0
1021,frutas maeda,"- - COMÉRCIO VAREJISTA DE PRODUTOS ALIMENTÍCIOS, BEBIDAS E FUMO",- - COMÉRCIO VAREJISTA DE PRODUTOS NOVOS NÃO ESPECIFICADOS ANTERIORMENTE E DE PRODUTOS USADOS,NÃO DEFINIDO,- - COMÉRCIO VAREJISTA DE PRODUTOS NOVOS NÃO ESPECIFICADOS ANTERIORMENTE E DE PRODUTOS USADOS,INFORMAÇÃO E COMUNICAÇÃO,- - COMÉRCIO VAREJISTA NÃO ESPECIALIZADO,0
1026,fundos oficina,NÃO DEFINIDO,- COMÉRCIO E REPARAÇÃO DE VEÍCULOS AUTOMOTORES E MOTOCICLETAS,- COMÉRCIO E REPARAÇÃO DE VEÍCULOS AUTOMOTORES E MOTOCICLETAS,- COMÉRCIO E REPARAÇÃO DE VEÍCULOS AUTOMOTORES E MOTOCICLETAS,- COMÉRCIO E REPARAÇÃO DE VEÍCULOS AUTOMOTORES E MOTOCICLETAS,"ATIVIDADES FINANCEIRAS, DE SEGUROS E SERVIÇOS RELACIONADOS",0
1029,funger fundacao emprego e renda agencia,"ADMINISTRAÇÃO PÚBLICA, DEFESA E SEGURIDADE SOCIAL",ATIVIDADES ADMINISTRATIVAS E SERVIÇOS COMPLEMENTARES,"ATIVIDADES FINANCEIRAS, DE SEGUROS E SERVIÇOS RELACIONADOS",ATIVIDADES ADMINISTRATIVAS E SERVIÇOS COMPLEMENTARES,- - COMÉRCIO VAREJISTA DE PRODUTOS NOVOS NÃO ESPECIFICADOS ANTERIORMENTE E DE PRODUTOS USADOS,CONSTRUÇÃO,0
1050,garagem de automovel,NÃO DEFINIDO,- - COMÉRCIO VAREJISTA DE PRODUTOS NOVOS NÃO ESPECIFICADOS ANTERIORMENTE E DE PRODUTOS USADOS,INDÚSTRIAS DE TRANSFORMAÇÃO,- - COMÉRCIO VAREJISTA DE PRODUTOS NOVOS NÃO ESPECIFICADOS ANTERIORMENTE E DE PRODUTOS USADOS,- ARMAZENAMENTO E ATIVIDADES AUXILIARES DOS TRANSPORTES,- COMÉRCIO E REPARAÇÃO DE VEÍCULOS AUTOMOTORES E MOTOCICLETAS,0
1051,garagem de maria,NÃO DEFINIDO,- - COMÉRCIO VAREJISTA DE PRODUTOS NOVOS NÃO ESPECIFICADOS ANTERIORMENTE E DE PRODUTOS USADOS,"- - COMÉRCIO VAREJISTA DE PRODUTOS FARMACÊUTICOS, PERFUMARIA E COSMÉTICOS E ARTIGOS MÉDICOS, ÓPTICOS E ORTOPÉDICOS",- - COMÉRCIO VAREJISTA DE PRODUTOS NOVOS NÃO ESPECIFICADOS ANTERIORMENTE E DE PRODUTOS USADOS,- ARMAZENAMENTO E ATIVIDADES AUXILIARES DOS TRANSPORTES,- ALIMENTAÇÃO,0
1052,garagem do seu biano,NÃO DEFINIDO,"- - - COMÉRCIO VAREJISTA DE MERCADORIAS EM GERAL, COM PREDOMINÂNCIA DE PRODUTOS ALIMENTÍCIOS - MINIMERCADOS, MERCEARIAS E ARMAZÉNS","- - - COMÉRCIO VAREJISTA DE MERCADORIAS EM GERAL, COM PREDOMINÂNCIA DE PRODUTOS ALIMENTÍCIOS - MINIMERCADOS, MERCEARIAS E ARMAZÉNS","- - - COMÉRCIO VAREJISTA DE MERCADORIAS EM GERAL, COM PREDOMINÂNCIA DE PRODUTOS ALIMENTÍCIOS - MINIMERCADOS, MERCEARIAS E ARMAZÉNS",- ARMAZENAMENTO E ATIVIDADES AUXILIARES DOS TRANSPORTES,- ALIMENTAÇÃO,0
1056,geomarmore,- - COMÉRCIO VAREJISTA DE MATERIAL DE CONSTRUÇÃO,- - COMÉRCIO VAREJISTA DE PRODUTOS NOVOS NÃO ESPECIFICADOS ANTERIORMENTE E DE PRODUTOS USADOS,NÃO DEFINIDO,- - COMÉRCIO VAREJISTA DE PRODUTOS NOVOS NÃO ESPECIFICADOS ANTERIORMENTE E DE PRODUTOS USADOS,INDÚSTRIAS EXTRATIVAS,ATIVIDADES ADMINISTRATIVAS E SERVIÇOS COMPLEMENTARES,0
1066,gnv prestacao de servicos,OUTRAS ATIVIDADES DE SERVIÇOS,- - COMÉRCIO VAREJISTA DE PRODUTOS NOVOS NÃO ESPECIFICADOS ANTERIORMENTE E DE PRODUTOS USADOS,"ADMINISTRAÇÃO PÚBLICA, DEFESA E SEGURIDADE SOCIAL",- - COMÉRCIO VAREJISTA DE PRODUTOS NOVOS NÃO ESPECIFICADOS ANTERIORMENTE E DE PRODUTOS USADOS,NÃO DEFINIDO,CONSTRUÇÃO,0
1081,hidraulica pecas e servicos,- - COMÉRCIO VAREJISTA DE MATERIAL DE CONSTRUÇÃO,- - COMÉRCIO VAREJISTA DE PRODUTOS NOVOS NÃO ESPECIFICADOS ANTERIORMENTE E DE PRODUTOS USADOS,- COMÉRCIO E REPARAÇÃO DE VEÍCULOS AUTOMOTORES E MOTOCICLETAS,- COMÉRCIO E REPARAÇÃO DE VEÍCULOS AUTOMOTORES E MOTOCICLETAS,- COMÉRCIO E REPARAÇÃO DE VEÍCULOS AUTOMOTORES E MOTOCICLETAS,ELETRICIDADE E GÁS,0
1082,hidraulica sao jose,- - COMÉRCIO VAREJISTA DE MATERIAL DE CONSTRUÇÃO,- - COMÉRCIO VAREJISTA DE PRODUTOS NOVOS NÃO ESPECIFICADOS ANTERIORMENTE E DE PRODUTOS USADOS,"- - - COMÉRCIO VAREJISTA DE MERCADORIAS EM GERAL, COM PREDOMINÂNCIA DE PRODUTOS ALIMENTÍCIOS - MINIMERCADOS, MERCEARIAS E ARMAZÉNS","IGREJAS, TEMPLOS E ATIVIDADES RELIGIOSAS",CONSTRUÇÃO,ELETRICIDADE E GÁS,0
1170,implantacao do sistema de abastecimento,"ÁGUA, ESGOTO, ATIVIDADES DE GESTÃO DE RESÍDUOS E DESCONTAMINAÇÃO",- - COMÉRCIO VAREJISTA DE PRODUTOS NOVOS NÃO ESPECIFICADOS ANTERIORMENTE E DE PRODUTOS USADOS,- - COMÉRCIO VAREJISTA DE COMBUSTÍVEIS PARA VEÍCULOS AUTOMOTORES,"IGREJAS, TEMPLOS E ATIVIDADES RELIGIOSAS","AGRICULTURA, PECUÁRIA, PRODUÇÃO FLORESTAL, PESCA E AQUICULTURA",CONSTRUÇÃO,0
1172,importadora de vinhos,"- - COMÉRCIO VAREJISTA DE PRODUTOS ALIMENTÍCIOS, BEBIDAS E FUMO",- - COMÉRCIO VAREJISTA DE PRODUTOS NOVOS NÃO ESPECIFICADOS ANTERIORMENTE E DE PRODUTOS USADOS,- - COMÉRCIO VAREJISTA DE PRODUTOS NOVOS NÃO ESPECIFICADOS ANTERIORMENTE E DE PRODUTOS USADOS,- - COMÉRCIO VAREJISTA DE PRODUTOS NOVOS NÃO ESPECIFICADOS ANTERIORMENTE E DE PRODUTOS USADOS,NÃO DEFINIDO,- TRANSPORTE TERRESTRE,0
1196,laboratorio de informatica municipal,"ATIVIDADES PROFISSIONAIS, CIENTÍFICAS E TÉCNICAS",- - COMÉRCIO VAREJISTA DE EQUIPAMENTOS DE INFORMÁTICA E COMUNICAÇÃO; EQUIPAMENTOS E ARTIGOS DE USO DOMÉSTICO,"ADMINISTRAÇÃO PÚBLICA, DEFESA E SEGURIDADE SOCIAL",- - COMÉRCIO VAREJISTA DE EQUIPAMENTOS DE INFORMÁTICA E COMUNICAÇÃO; EQUIPAMENTOS E ARTIGOS DE USO DOMÉSTICO,INFORMAÇÃO E COMUNICAÇÃO,"ADMINISTRAÇÃO PÚBLICA, DEFESA E SEGURIDADE SOCIAL",0
1201,lajes e carpintaria sao jose,CONSTRUÇÃO,- - COMÉRCIO VAREJISTA DE PRODUTOS NOVOS NÃO ESPECIFICADOS ANTERIORMENTE E DE PRODUTOS USADOS,"IGREJAS, TEMPLOS E ATIVIDADES RELIGIOSAS","IGREJAS, TEMPLOS E ATIVIDADES RELIGIOSAS",INDÚSTRIAS DE TRANSFORMAÇÃO,- - COMÉRCIO VAREJISTA DE PRODUTOS NOVOS NÃO ESPECIFICADOS ANTERIORMENTE E DE PRODUTOS USADOS,0
1220,lanternagem,- COMÉRCIO E REPARAÇÃO DE VEÍCULOS AUTOMOTORES E MOTOCICLETAS,- - COMÉRCIO VAREJISTA DE PRODUTOS NOVOS NÃO ESPECIFICADOS ANTERIORMENTE E DE PRODUTOS USADOS,NÃO DEFINIDO,- - COMÉRCIO VAREJISTA DE PRODUTOS NOVOS NÃO ESPECIFICADOS ANTERIORMENTE E DE PRODUTOS USADOS,NÃO DEFINIDO,INDÚSTRIAS DE TRANSFORMAÇÃO,0
1222,lava jato,- COMÉRCIO E REPARAÇÃO DE VEÍCULOS AUTOMOTORES E MOTOCICLETAS,- - COMÉRCIO VAREJISTA DE PRODUTOS NOVOS NÃO ESPECIFICADOS ANTERIORMENTE E DE PRODUTOS USADOS,NÃO DEFINIDO,- - COMÉRCIO VAREJISTA DE PRODUTOS NOVOS NÃO ESPECIFICADOS ANTERIORMENTE E DE PRODUTOS USADOS,NÃO DEFINIDO,- - COMÉRCIO VAREJISTA DE PRODUTOS NOVOS NÃO ESPECIFICADOS ANTERIORMENTE E DE PRODUTOS USADOS,0
1225,lavajato,- COMÉRCIO E REPARAÇÃO DE VEÍCULOS AUTOMOTORES E MOTOCICLETAS,- - COMÉRCIO VAREJISTA DE PRODUTOS NOVOS NÃO ESPECIFICADOS ANTERIORMENTE E DE PRODUTOS USADOS,NÃO DEFINIDO,- - COMÉRCIO VAREJISTA DE PRODUTOS NOVOS NÃO ESPECIFICADOS ANTERIORMENTE E DE PRODUTOS USADOS,NÃO DEFINIDO,OUTRAS ATIVIDADES DE SERVIÇOS,0
1226,lavajato mineira,- COMÉRCIO E REPARAÇÃO DE VEÍCULOS AUTOMOTORES E MOTOCICLETAS,- - COMÉRCIO VAREJISTA DE PRODUTOS NOVOS NÃO ESPECIFICADOS ANTERIORMENTE E DE PRODUTOS USADOS,NÃO DEFINIDO,- - COMÉRCIO VAREJISTA DE PRODUTOS NOVOS NÃO ESPECIFICADOS ANTERIORMENTE E DE PRODUTOS USADOS,INDÚSTRIAS EXTRATIVAS,OUTRAS ATIVIDADES DE SERVIÇOS,0
1228,lavanderia aeroporto,OUTRAS ATIVIDADES DE SERVIÇOS,- TRANSPORTE AÉREO,- TRANSPORTE AÉREO,- - COMÉRCIO VAREJISTA DE PRODUTOS NOVOS NÃO ESPECIFICADOS ANTERIORMENTE E DE PRODUTOS USADOS,- TRANSPORTE AÉREO,- TRANSPORTE AÉREO,0
1235,ligue gas distribuidora,ELETRICIDADE E GÁS,"- COMÉRCIO POR ATACADO, EXCETO VEÍCULOS AUTOMOTORES E MOTOCICLETAS","- COMÉRCIO POR ATACADO, EXCETO VEÍCULOS AUTOMOTORES E MOTOCICLETAS","- COMÉRCIO POR ATACADO, EXCETO VEÍCULOS AUTOMOTORES E MOTOCICLETAS","- COMÉRCIO POR ATACADO, EXCETO VEÍCULOS AUTOMOTORES E MOTOCICLETAS",- - COMÉRCIO VAREJISTA DE PRODUTOS NOVOS NÃO ESPECIFICADOS ANTERIORMENTE E DE PRODUTOS USADOS,0
1243,locacao de equipamentos,OUTRAS ATIVIDADES DE SERVIÇOS,- - COMÉRCIO VAREJISTA DE PRODUTOS NOVOS NÃO ESPECIFICADOS ANTERIORMENTE E DE PRODUTOS USADOS,INFORMAÇÃO E COMUNICAÇÃO,- - COMÉRCIO VAREJISTA DE PRODUTOS NOVOS NÃO ESPECIFICADOS ANTERIORMENTE E DE PRODUTOS USADOS,ATIVIDADES ADMINISTRATIVAS E SERVIÇOS COMPLEMENTARES,ATIVIDADES ADMINISTRATIVAS E SERVIÇOS COMPLEMENTARES,0
1245,locacao de maquinas e caminhoes rigrale,OUTRAS ATIVIDADES DE SERVIÇOS,- - COMÉRCIO VAREJISTA DE PRODUTOS NOVOS NÃO ESPECIFICADOS ANTERIORMENTE E DE PRODUTOS USADOS,CONSTRUÇÃO,- - COMÉRCIO VAREJISTA DE PRODUTOS NOVOS NÃO ESPECIFICADOS ANTERIORMENTE E DE PRODUTOS USADOS,ATIVIDADES ADMINISTRATIVAS E SERVIÇOS COMPLEMENTARES,ATIVIDADES ADMINISTRATIVAS E SERVIÇOS COMPLEMENTARES,0
1247,locacao maquinas,OUTRAS ATIVIDADES DE SERVIÇOS,- - COMÉRCIO VAREJISTA DE PRODUTOS NOVOS NÃO ESPECIFICADOS ANTERIORMENTE E DE PRODUTOS USADOS,NÃO DEFINIDO,- - COMÉRCIO VAREJISTA DE PRODUTOS NOVOS NÃO ESPECIFICADOS ANTERIORMENTE E DE PRODUTOS USADOS,ATIVIDADES ADMINISTRATIVAS E SERVIÇOS COMPLEMENTARES,ATIVIDADES ADMINISTRATIVAS E SERVIÇOS COMPLEMENTARES,0
1259,loja casa limpa utilidades,- - COMÉRCIO VAREJISTA DE EQUIPAMENTOS DE INFORMÁTICA E COMUNICAÇÃO; EQUIPAMENTOS E ARTIGOS DE USO DOMÉSTICO,- - COMÉRCIO VAREJISTA DE PRODUTOS NOVOS NÃO ESPECIFICADOS ANTERIORMENTE E DE PRODUTOS USADOS,- - COMÉRCIO VAREJISTA DE PRODUTOS NOVOS NÃO ESPECIFICADOS ANTERIORMENTE E DE PRODUTOS USADOS,- - COMÉRCIO VAREJISTA DE PRODUTOS NOVOS NÃO ESPECIFICADOS ANTERIORMENTE E DE PRODUTOS USADOS,- - COMÉRCIO VAREJISTA NÃO ESPECIALIZADO,- - COMÉRCIO VAREJISTA DE PRODUTOS NOVOS NÃO ESPECIFICADOS ANTERIORMENTE E DE PRODUTOS USADOS,0
1269,loja de bicicletas,"- - COMÉRCIO VAREJISTA DE ARTIGOS CULTURAIS, RECREATIVOS E ESPORTIVOS",- - COMÉRCIO VAREJISTA DE PRODUTOS NOVOS NÃO ESPECIFICADOS ANTERIORMENTE E DE PRODUTOS USADOS,- - COMÉRCIO VAREJISTA DE PRODUTOS NOVOS NÃO ESPECIFICADOS ANTERIORMENTE E DE PRODUTOS USADOS,- - COMÉRCIO VAREJISTA DE PRODUTOS NOVOS NÃO ESPECIFICADOS ANTERIORMENTE E DE PRODUTOS USADOS,- COMÉRCIO E REPARAÇÃO DE VEÍCULOS AUTOMOTORES E MOTOCICLETAS,- - COMÉRCIO VAREJISTA DE PRODUTOS NOVOS NÃO ESPECIFICADOS ANTERIORMENTE E DE PRODUTOS USADOS,0
1278,loja de decoracao,- - COMÉRCIO VAREJISTA DE EQUIPAMENTOS DE INFORMÁTICA E COMUNICAÇÃO; EQUIPAMENTOS E ARTIGOS DE USO DOMÉSTICO,- - COMÉRCIO VAREJISTA DE PRODUTOS NOVOS NÃO ESPECIFICADOS ANTERIORMENTE E DE PRODUTOS USADOS,- - COMÉRCIO VAREJISTA DE PRODUTOS NOVOS NÃO ESPECIFICADOS ANTERIORMENTE E DE PRODUTOS USADOS,- - COMÉRCIO VAREJISTA DE PRODUTOS NOVOS NÃO ESPECIFICADOS ANTERIORMENTE E DE PRODUTOS USADOS,- COMÉRCIO VAREJISTA,- - COMÉRCIO VAREJISTA DE PRODUTOS NOVOS NÃO ESPECIFICADOS ANTERIORMENTE E DE PRODUTOS USADOS,0
1290,loja de produto de limpeza e utilidades,- - COMÉRCIO VAREJISTA DE EQUIPAMENTOS DE INFORMÁTICA E COMUNICAÇÃO; EQUIPAMENTOS E ARTIGOS DE USO DOMÉSTICO,- - COMÉRCIO VAREJISTA DE PRODUTOS NOVOS NÃO ESPECIFICADOS ANTERIORMENTE E DE PRODUTOS USADOS,- - COMÉRCIO VAREJISTA DE PRODUTOS NOVOS NÃO ESPECIFICADOS ANTERIORMENTE E DE PRODUTOS USADOS,- - COMÉRCIO VAREJISTA DE PRODUTOS NOVOS NÃO ESPECIFICADOS ANTERIORMENTE E DE PRODUTOS USADOS,- - COMÉRCIO VAREJISTA NÃO ESPECIALIZADO,- - COMÉRCIO VAREJISTA DE PRODUTOS NOVOS NÃO ESPECIFICADOS ANTERIORMENTE E DE PRODUTOS USADOS,0
1304,loja de venda doces,"- - COMÉRCIO VAREJISTA DE PRODUTOS ALIMENTÍCIOS, BEBIDAS E FUMO",- - COMÉRCIO VAREJISTA DE PRODUTOS NOVOS NÃO ESPECIFICADOS ANTERIORMENTE E DE PRODUTOS USADOS,- - COMÉRCIO VAREJISTA DE PRODUTOS NOVOS NÃO ESPECIFICADOS ANTERIORMENTE E DE PRODUTOS USADOS,- - COMÉRCIO VAREJISTA DE PRODUTOS NOVOS NÃO ESPECIFICADOS ANTERIORMENTE E DE PRODUTOS USADOS,- ALIMENTAÇÃO,- - COMÉRCIO VAREJISTA DE PRODUTOS NOVOS NÃO ESPECIFICADOS ANTERIORMENTE E DE PRODUTOS USADOS,0
1316,loja maconica,"IGREJAS, TEMPLOS E ATIVIDADES RELIGIOSAS",- - COMÉRCIO VAREJISTA DE PRODUTOS NOVOS NÃO ESPECIFICADOS ANTERIORMENTE E DE PRODUTOS USADOS,- - COMÉRCIO VAREJISTA DE PRODUTOS NOVOS NÃO ESPECIFICADOS ANTERIORMENTE E DE PRODUTOS USADOS,- - COMÉRCIO VAREJISTA DE PRODUTOS NOVOS NÃO ESPECIFICADOS ANTERIORMENTE E DE PRODUTOS USADOS,- COMÉRCIO VAREJISTA,- - COMÉRCIO VAREJISTA DE PRODUTOS NOVOS NÃO ESPECIFICADOS ANTERIORMENTE E DE PRODUTOS USADOS,0
1324,lojinha,- COMÉRCIO VAREJISTA,- - COMÉRCIO VAREJISTA DE PRODUTOS NOVOS NÃO ESPECIFICADOS ANTERIORMENTE E DE PRODUTOS USADOS,- - COMÉRCIO VAREJISTA DE PRODUTOS NOVOS NÃO ESPECIFICADOS ANTERIORMENTE E DE PRODUTOS USADOS,- - COMÉRCIO VAREJISTA DE PRODUTOS NOVOS NÃO ESPECIFICADOS ANTERIORMENTE E DE PRODUTOS USADOS,NÃO DEFINIDO,- - COMÉRCIO VAREJISTA DE PRODUTOS NOVOS NÃO ESPECIFICADOS ANTERIORMENTE E DE PRODUTOS USADOS,0
1330,lugar de guardar brequecos,NÃO DEFINIDO,- - COMÉRCIO VAREJISTA DE PRODUTOS NOVOS NÃO ESPECIFICADOS ANTERIORMENTE E DE PRODUTOS USADOS,- ARMAZENAMENTO E ATIVIDADES AUXILIARES DOS TRANSPORTES,- - COMÉRCIO VAREJISTA DE PRODUTOS NOVOS NÃO ESPECIFICADOS ANTERIORMENTE E DE PRODUTOS USADOS,INDÚSTRIAS DE TRANSFORMAÇÃO,"- - COMÉRCIO VAREJISTA DE ARTIGOS CULTURAIS, RECREATIVOS E ESPORTIVOS",0
1333,macenaria vol moveis,INDÚSTRIAS DE TRANSFORMAÇÃO,- - COMÉRCIO VAREJISTA DE PRODUTOS NOVOS NÃO ESPECIFICADOS ANTERIORMENTE E DE PRODUTOS USADOS,- - COMÉRCIO VAREJISTA DE EQUIPAMENTOS DE INFORMÁTICA E COMUNICAÇÃO; EQUIPAMENTOS E ARTIGOS DE USO DOMÉSTICO,- - COMÉRCIO VAREJISTA DE PRODUTOS NOVOS NÃO ESPECIFICADOS ANTERIORMENTE E DE PRODUTOS USADOS,- - COMÉRCIO VAREJISTA DE EQUIPAMENTOS DE INFORMÁTICA E COMUNICAÇÃO; EQUIPAMENTOS E ARTIGOS DE USO DOMÉSTICO,- - COMÉRCIO VAREJISTA DE EQUIPAMENTOS DE INFORMÁTICA E COMUNICAÇÃO; EQUIPAMENTOS E ARTIGOS DE USO DOMÉSTICO,0
1338,manutencao de computadores  carmo tec,INFORMAÇÃO E COMUNICAÇÃO,- - COMÉRCIO VAREJISTA DE PRODUTOS NOVOS NÃO ESPECIFICADOS ANTERIORMENTE E DE PRODUTOS USADOS,- - COMÉRCIO VAREJISTA DE PRODUTOS NOVOS NÃO ESPECIFICADOS ANTERIORMENTE E DE PRODUTOS USADOS,- - COMÉRCIO VAREJISTA DE PRODUTOS NOVOS NÃO ESPECIFICADOS ANTERIORMENTE E DE PRODUTOS USADOS,- - COMÉRCIO VAREJISTA DE EQUIPAMENTOS DE INFORMÁTICA E COMUNICAÇÃO; EQUIPAMENTOS E ARTIGOS DE USO DOMÉSTICO,CONSTRUÇÃO,0
1339,manutencao e venda de valvulas e equip,INDÚSTRIAS DE TRANSFORMAÇÃO,- - COMÉRCIO VAREJISTA DE PRODUTOS NOVOS NÃO ESPECIFICADOS ANTERIORMENTE E DE PRODUTOS USADOS,- - COMÉRCIO VAREJISTA DE PRODUTOS NOVOS NÃO ESPECIFICADOS ANTERIORMENTE E DE PRODUTOS USADOS,- - COMÉRCIO VAREJISTA DE PRODUTOS NOVOS NÃO ESPECIFICADOS ANTERIORMENTE E DE PRODUTOS USADOS,- COMÉRCIO VAREJISTA,CONSTRUÇÃO,0
1340,manutencao eletrica eletricminas,INDÚSTRIAS DE TRANSFORMAÇÃO,- - COMÉRCIO VAREJISTA DE PRODUTOS NOVOS NÃO ESPECIFICADOS ANTERIORMENTE E DE PRODUTOS USADOS,NÃO DEFINIDO,CONSTRUÇÃO,ELETRICIDADE E GÁS,CONSTRUÇÃO,0
1345,marinha,"ADMINISTRAÇÃO PÚBLICA, DEFESA E SEGURIDADE SOCIAL",- - COMÉRCIO VAREJISTA DE PRODUTOS NOVOS NÃO ESPECIFICADOS ANTERIORMENTE E DE PRODUTOS USADOS,NÃO DEFINIDO,- - COMÉRCIO VAREJISTA DE PRODUTOS NOVOS NÃO ESPECIFICADOS ANTERIORMENTE E DE PRODUTOS USADOS,NÃO DEFINIDO,- TRANSPORTE AÉREO,0
1385,mercado lubrificantes,- - COMÉRCIO VAREJISTA DE COMBUSTÍVEIS PARA VEÍCULOS AUTOMOTORES,"- - - COMÉRCIO VAREJISTA DE MERCADORIAS EM GERAL, COM PREDOMINÂNCIA DE PRODUTOS ALIMENTÍCIOS - MINIMERCADOS, MERCEARIAS E ARMAZÉNS","- - - COMÉRCIO VAREJISTA DE MERCADORIAS EM GERAL, COM PREDOMINÂNCIA DE PRODUTOS ALIMENTÍCIOS - MINIMERCADOS, MERCEARIAS E ARMAZÉNS","- - - COMÉRCIO VAREJISTA DE MERCADORIAS EM GERAL, COM PREDOMINÂNCIA DE PRODUTOS ALIMENTÍCIOS - MINIMERCADOS, MERCEARIAS E ARMAZÉNS","- - - COMÉRCIO VAREJISTA DE MERCADORIAS EM GERAL, COM PREDOMINÂNCIA DE PRODUTOS ALIMENTÍCIOS - MINIMERCADOS, MERCEARIAS E ARMAZÉNS","- - - COMÉRCIO VAREJISTA DE MERCADORIAS EM GERAL, COM PREDOMINÂNCIA DE PRODUTOS ALIMENTÍCIOS - MINIMERCADOS, MERCEARIAS E ARMAZÉNS",0
1406,micro mania net,- - COMÉRCIO VAREJISTA DE EQUIPAMENTOS DE INFORMÁTICA E COMUNICAÇÃO; EQUIPAMENTOS E ARTIGOS DE USO DOMÉSTICO,- - COMÉRCIO VAREJISTA DE PRODUTOS NOVOS NÃO ESPECIFICADOS ANTERIORMENTE E DE PRODUTOS USADOS,NÃO DEFINIDO,- - COMÉRCIO VAREJISTA DE PRODUTOS NOVOS NÃO ESPECIFICADOS ANTERIORMENTE E DE PRODUTOS USADOS,INFORMAÇÃO E COMUNICAÇÃO,- - COMÉRCIO VAREJISTA DE PRODUTOS NOVOS NÃO ESPECIFICADOS ANTERIORMENTE E DE PRODUTOS USADOS,0
1423,moto taxi aeroporto,- TRANSPORTE TERRESTRE,- TRANSPORTE AÉREO,- TRANSPORTE AÉREO,- COMÉRCIO E REPARAÇÃO DE VEÍCULOS AUTOMOTORES E MOTOCICLETAS,- COMÉRCIO E REPARAÇÃO DE VEÍCULOS AUTOMOTORES E MOTOCICLETAS,ATIVIDADES ADMINISTRATIVAS E SERVIÇOS COMPLEMENTARES,0
1426,mudancas de pessoas,- TRANSPORTE TERRESTRE,- - COMÉRCIO VAREJISTA DE PRODUTOS NOVOS NÃO ESPECIFICADOS ANTERIORMENTE E DE PRODUTOS USADOS,- ALOJAMENTO,- - COMÉRCIO VAREJISTA DE PRODUTOS NOVOS NÃO ESPECIFICADOS ANTERIORMENTE E DE PRODUTOS USADOS,NÃO DEFINIDO,ATIVIDADES ADMINISTRATIVAS E SERVIÇOS COMPLEMENTARES,0
1432,nossa forca servicos em construcao,- - COMÉRCIO VAREJISTA DE MATERIAL DE CONSTRUÇÃO,OBRAS,OBRAS,OBRAS,OBRAS,OBRAS,0
1437,nstrucaodeposito de c,CONSTRUÇÃO,- - COMÉRCIO VAREJISTA DE PRODUTOS NOVOS NÃO ESPECIFICADOS ANTERIORMENTE E DE PRODUTOS USADOS,- - COMÉRCIO VAREJISTA DE PRODUTOS NOVOS NÃO ESPECIFICADOS ANTERIORMENTE E DE PRODUTOS USADOS,"ADMINISTRAÇÃO PÚBLICA, DEFESA E SEGURIDADE SOCIAL",- ARMAZENAMENTO E ATIVIDADES AUXILIARES DOS TRANSPORTES,INDÚSTRIAS EXTRATIVAS,0
1450,oficina de bicicleta,OUTRAS ATIVIDADES DE SERVIÇOS,- COMÉRCIO E REPARAÇÃO DE VEÍCULOS AUTOMOTORES E MOTOCICLETAS,- COMÉRCIO E REPARAÇÃO DE VEÍCULOS AUTOMOTORES E MOTOCICLETAS,- COMÉRCIO E REPARAÇÃO DE VEÍCULOS AUTOMOTORES E MOTOCICLETAS,- COMÉRCIO E REPARAÇÃO DE VEÍCULOS AUTOMOTORES E MOTOCICLETAS,- COMÉRCIO E REPARAÇÃO DE VEÍCULOS AUTOMOTORES E MOTOCICLETAS,0
1453,oficina de colher em aluminio,INDÚSTRIAS DE TRANSFORMAÇÃO,- COMÉRCIO E REPARAÇÃO DE VEÍCULOS AUTOMOTORES E MOTOCICLETAS,- COMÉRCIO E REPARAÇÃO DE VEÍCULOS AUTOMOTORES E MOTOCICLETAS,- COMÉRCIO E REPARAÇÃO DE VEÍCULOS AUTOMOTORES E MOTOCICLETAS,INDÚSTRIAS EXTRATIVAS,- COMÉRCIO E REPARAÇÃO DE VEÍCULOS AUTOMOTORES E MOTOCICLETAS,0
1454,oficina de consertos em metal,OUTRAS ATIVIDADES DE SERVIÇOS,- COMÉRCIO E REPARAÇÃO DE VEÍCULOS AUTOMOTORES E MOTOCICLETAS,- COMÉRCIO E REPARAÇÃO DE VEÍCULOS AUTOMOTORES E MOTOCICLETAS,- COMÉRCIO E REPARAÇÃO DE VEÍCULOS AUTOMOTORES E MOTOCICLETAS,- COMÉRCIO E REPARAÇÃO DE VEÍCULOS AUTOMOTORES E MOTOCICLETAS,- COMÉRCIO E REPARAÇÃO DE VEÍCULOS AUTOMOTORES E MOTOCICLETAS,0
1455,oficina de estofado,OUTRAS ATIVIDADES DE SERVIÇOS,- COMÉRCIO E REPARAÇÃO DE VEÍCULOS AUTOMOTORES E MOTOCICLETAS,- COMÉRCIO E REPARAÇÃO DE VEÍCULOS AUTOMOTORES E MOTOCICLETAS,- COMÉRCIO E REPARAÇÃO DE VEÍCULOS AUTOMOTORES E MOTOCICLETAS,- COMÉRCIO E REPARAÇÃO DE VEÍCULOS AUTOMOTORES E MOTOCICLETAS,- COMÉRCIO E REPARAÇÃO DE VEÍCULOS AUTOMOTORES E MOTOCICLETAS,0
1456,oficina de implementos agricola,INDÚSTRIAS DE TRANSFORMAÇÃO,- COMÉRCIO E REPARAÇÃO DE VEÍCULOS AUTOMOTORES E MOTOCICLETAS,- COMÉRCIO E REPARAÇÃO DE VEÍCULOS AUTOMOTORES E MOTOCICLETAS,- COMÉRCIO E REPARAÇÃO DE VEÍCULOS AUTOMOTORES E MOTOCICLETAS,- COMÉRCIO E REPARAÇÃO DE VEÍCULOS AUTOMOTORES E MOTOCICLETAS,- COMÉRCIO E REPARAÇÃO DE VEÍCULOS AUTOMOTORES E MOTOCICLETAS,0
1457,oficina de montagem de alplificador,INFORMAÇÃO E COMUNICAÇÃO,- COMÉRCIO E REPARAÇÃO DE VEÍCULOS AUTOMOTORES E MOTOCICLETAS,- COMÉRCIO E REPARAÇÃO DE VEÍCULOS AUTOMOTORES E MOTOCICLETAS,- COMÉRCIO E REPARAÇÃO DE VEÍCULOS AUTOMOTORES E MOTOCICLETAS,- COMÉRCIO E REPARAÇÃO DE VEÍCULOS AUTOMOTORES E MOTOCICLETAS,- COMÉRCIO E REPARAÇÃO DE VEÍCULOS AUTOMOTORES E MOTOCICLETAS,0
1493,pagamento de agua e luz,ATIVIDADES ADMINISTRATIVAS E SERVIÇOS COMPLEMENTARES,"ÁGUA, ESGOTO, ATIVIDADES DE GESTÃO DE RESÍDUOS E DESCONTAMINAÇÃO","ÁGUA, ESGOTO, ATIVIDADES DE GESTÃO DE RESÍDUOS E DESCONTAMINAÇÃO","ÁGUA, ESGOTO, ATIVIDADES DE GESTÃO DE RESÍDUOS E DESCONTAMINAÇÃO",NÃO DEFINIDO,"ÁGUA, ESGOTO, ATIVIDADES DE GESTÃO DE RESÍDUOS E DESCONTAMINAÇÃO",0
1517,partido comunista do brasil,OUTRAS ATIVIDADES DE SERVIÇOS,"IGREJAS, TEMPLOS E ATIVIDADES RELIGIOSAS","ATIVIDADES FINANCEIRAS, DE SEGUROS E SERVIÇOS RELACIONADOS","IGREJAS, TEMPLOS E ATIVIDADES RELIGIOSAS",NÃO DEFINIDO,"ADMINISTRAÇÃO PÚBLICA, DEFESA E SEGURIDADE SOCIAL",0
1523,pequeno predio comercial,NÃO DEFINIDO,- COMÉRCIO VAREJISTA,- COMÉRCIO VAREJISTA,- COMÉRCIO VAREJISTA,- COMÉRCIO VAREJISTA,DESOCUPADO,0
1526,perimetral centro de repintura automotiv,"- COMÉRCIO POR ATACADO, EXCETO VEÍCULOS AUTOMOTORES E MOTOCICLETAS","IGREJAS, TEMPLOS E ATIVIDADES RELIGIOSAS","IGREJAS, TEMPLOS E ATIVIDADES RELIGIOSAS","IGREJAS, TEMPLOS E ATIVIDADES RELIGIOSAS",- COMÉRCIO E REPARAÇÃO DE VEÍCULOS AUTOMOTORES E MOTOCICLETAS,- COMÉRCIO E REPARAÇÃO DE VEÍCULOS AUTOMOTORES E MOTOCICLETAS,0
1533,pizzaria a viagem,- ALIMENTAÇÃO,- - COMÉRCIO VAREJISTA DE PRODUTOS NOVOS NÃO ESPECIFICADOS ANTERIORMENTE E DE PRODUTOS USADOS,NÃO DEFINIDO,- - COMÉRCIO VAREJISTA DE PRODUTOS NOVOS NÃO ESPECIFICADOS ANTERIORMENTE E DE PRODUTOS USADOS,ATIVIDADES ADMINISTRATIVAS E SERVIÇOS COMPLEMENTARES,OUTRAS ATIVIDADES DE SERVIÇOS,0
1540,ponto comercial,NÃO DEFINIDO,DESOCUPADO,DESOCUPADO,- COMÉRCIO VAREJISTA,- COMÉRCIO VAREJISTA,DESOCUPADO,0
1553,posto da agespisa,SAÚDE HUMANA E SERVIÇOS SOCIAIS,- - COMÉRCIO VAREJISTA DE COMBUSTÍVEIS PARA VEÍCULOS AUTOMOTORES,"ADMINISTRAÇÃO PÚBLICA, DEFESA E SEGURIDADE SOCIAL",- - COMÉRCIO VAREJISTA DE COMBUSTÍVEIS PARA VEÍCULOS AUTOMOTORES,"ÁGUA, ESGOTO, ATIVIDADES DE GESTÃO DE RESÍDUOS E DESCONTAMINAÇÃO","ADMINISTRAÇÃO PÚBLICA, DEFESA E SEGURIDADE SOCIAL",0
1569,posto de lavagem castur,OUTRAS ATIVIDADES DE SERVIÇOS,- - COMÉRCIO VAREJISTA DE COMBUSTÍVEIS PARA VEÍCULOS AUTOMOTORES,- - COMÉRCIO VAREJISTA DE COMBUSTÍVEIS PARA VEÍCULOS AUTOMOTORES,- - COMÉRCIO VAREJISTA DE COMBUSTÍVEIS PARA VEÍCULOS AUTOMOTORES,- - COMÉRCIO VAREJISTA DE COMBUSTÍVEIS PARA VEÍCULOS AUTOMOTORES,- - COMÉRCIO VAREJISTA DE COMBUSTÍVEIS PARA VEÍCULOS AUTOMOTORES,0
1570,posto de medicamento cordeiro,SAÚDE HUMANA E SERVIÇOS SOCIAIS,"- - COMÉRCIO VAREJISTA DE PRODUTOS FARMACÊUTICOS, PERFUMARIA E COSMÉTICOS E ARTIGOS MÉDICOS, ÓPTICOS E ORTOPÉDICOS","- - COMÉRCIO VAREJISTA DE PRODUTOS FARMACÊUTICOS, PERFUMARIA E COSMÉTICOS E ARTIGOS MÉDICOS, ÓPTICOS E ORTOPÉDICOS","- - COMÉRCIO VAREJISTA DE PRODUTOS FARMACÊUTICOS, PERFUMARIA E COSMÉTICOS E ARTIGOS MÉDICOS, ÓPTICOS E ORTOPÉDICOS",- - COMÉRCIO VAREJISTA DE COMBUSTÍVEIS PARA VEÍCULOS AUTOMOTORES,"- - COMÉRCIO VAREJISTA DE PRODUTOS FARMACÊUTICOS, PERFUMARIA E COSMÉTICOS E ARTIGOS MÉDICOS, ÓPTICOS E ORTOPÉDICOS",0
1571,posto de molas big bem,- COMÉRCIO E REPARAÇÃO DE VEÍCULOS AUTOMOTORES E MOTOCICLETAS,- - COMÉRCIO VAREJISTA DE COMBUSTÍVEIS PARA VEÍCULOS AUTOMOTORES,- - COMÉRCIO VAREJISTA DE COMBUSTÍVEIS PARA VEÍCULOS AUTOMOTORES,- - COMÉRCIO VAREJISTA DE COMBUSTÍVEIS PARA VEÍCULOS AUTOMOTORES,- - COMÉRCIO VAREJISTA DE COMBUSTÍVEIS PARA VEÍCULOS AUTOMOTORES,- - COMÉRCIO VAREJISTA DE COMBUSTÍVEIS PARA VEÍCULOS AUTOMOTORES,0
1572,posto de molas do paraiba,- COMÉRCIO E REPARAÇÃO DE VEÍCULOS AUTOMOTORES E MOTOCICLETAS,- - COMÉRCIO VAREJISTA DE COMBUSTÍVEIS PARA VEÍCULOS AUTOMOTORES,- - COMÉRCIO VAREJISTA DE COMBUSTÍVEIS PARA VEÍCULOS AUTOMOTORES,- - COMÉRCIO VAREJISTA DE COMBUSTÍVEIS PARA VEÍCULOS AUTOMOTORES,- - COMÉRCIO VAREJISTA DE COMBUSTÍVEIS PARA VEÍCULOS AUTOMOTORES,- - COMÉRCIO VAREJISTA DE COMBUSTÍVEIS PARA VEÍCULOS AUTOMOTORES,0
1573,posto de molas e freios do geldon,- COMÉRCIO E REPARAÇÃO DE VEÍCULOS AUTOMOTORES E MOTOCICLETAS,- - COMÉRCIO VAREJISTA DE COMBUSTÍVEIS PARA VEÍCULOS AUTOMOTORES,- - COMÉRCIO VAREJISTA DE COMBUSTÍVEIS PARA VEÍCULOS AUTOMOTORES,- - COMÉRCIO VAREJISTA DE COMBUSTÍVEIS PARA VEÍCULOS AUTOMOTORES,- - COMÉRCIO VAREJISTA DE COMBUSTÍVEIS PARA VEÍCULOS AUTOMOTORES,- - COMÉRCIO VAREJISTA DE COMBUSTÍVEIS PARA VEÍCULOS AUTOMOTORES,0
1576,posto de taxi,- TRANSPORTE TERRESTRE,- - COMÉRCIO VAREJISTA DE COMBUSTÍVEIS PARA VEÍCULOS AUTOMOTORES,- - COMÉRCIO VAREJISTA DE COMBUSTÍVEIS PARA VEÍCULOS AUTOMOTORES,- - COMÉRCIO VAREJISTA DE COMBUSTÍVEIS PARA VEÍCULOS AUTOMOTORES,- - COMÉRCIO VAREJISTA DE COMBUSTÍVEIS PARA VEÍCULOS AUTOMOTORES,- - COMÉRCIO VAREJISTA DE COMBUSTÍVEIS PARA VEÍCULOS AUTOMOTORES,0
1577,posto de vacinacao,SAÚDE HUMANA E SERVIÇOS SOCIAIS,- - COMÉRCIO VAREJISTA DE COMBUSTÍVEIS PARA VEÍCULOS AUTOMOTORES,- - COMÉRCIO VAREJISTA DE COMBUSTÍVEIS PARA VEÍCULOS AUTOMOTORES,- - COMÉRCIO VAREJISTA DE COMBUSTÍVEIS PARA VEÍCULOS AUTOMOTORES,- - COMÉRCIO VAREJISTA DE COMBUSTÍVEIS PARA VEÍCULOS AUTOMOTORES,DESOCUPADO,0
1581,posto entrega de correspondencias,- CORREIO E OUTRAS ATIVIDADES DE ENTREGA,- - COMÉRCIO VAREJISTA DE COMBUSTÍVEIS PARA VEÍCULOS AUTOMOTORES,"ADMINISTRAÇÃO PÚBLICA, DEFESA E SEGURIDADE SOCIAL",- - COMÉRCIO VAREJISTA DE COMBUSTÍVEIS PARA VEÍCULOS AUTOMOTORES,- - COMÉRCIO VAREJISTA DE COMBUSTÍVEIS PARA VEÍCULOS AUTOMOTORES,- - COMÉRCIO VAREJISTA DE COMBUSTÍVEIS PARA VEÍCULOS AUTOMOTORES,0
1588,posto reforco,NÃO DEFINIDO,- - COMÉRCIO VAREJISTA DE COMBUSTÍVEIS PARA VEÍCULOS AUTOMOTORES,- - COMÉRCIO VAREJISTA DE COMBUSTÍVEIS PARA VEÍCULOS AUTOMOTORES,- - COMÉRCIO VAREJISTA DE COMBUSTÍVEIS PARA VEÍCULOS AUTOMOTORES,- - COMÉRCIO VAREJISTA DE COMBUSTÍVEIS PARA VEÍCULOS AUTOMOTORES,- - COMÉRCIO VAREJISTA DE COMBUSTÍVEIS PARA VEÍCULOS AUTOMOTORES,0
1609,predio comercial,NÃO DEFINIDO,- COMÉRCIO VAREJISTA,- COMÉRCIO VAREJISTA,- COMÉRCIO VAREJISTA,- COMÉRCIO VAREJISTA,- COMÉRCIO VAREJISTA,0
1610,predio comercial box,NÃO DEFINIDO,- COMÉRCIO VAREJISTA,- COMÉRCIO VAREJISTA,- COMÉRCIO VAREJISTA,- COMÉRCIO VAREJISTA,- - COMÉRCIO VAREJISTA NÃO ESPECIALIZADO,0
1623,prestacao de servico de implementos agri,"ATIVIDADES PROFISSIONAIS, CIENTÍFICAS E TÉCNICAS",- - COMÉRCIO VAREJISTA DE PRODUTOS NOVOS NÃO ESPECIFICADOS ANTERIORMENTE E DE PRODUTOS USADOS,INFORMAÇÃO E COMUNICAÇÃO,- - COMÉRCIO VAREJISTA DE PRODUTOS NOVOS NÃO ESPECIFICADOS ANTERIORMENTE E DE PRODUTOS USADOS,NÃO DEFINIDO,"ADMINISTRAÇÃO PÚBLICA, DEFESA E SEGURIDADE SOCIAL",0
1626,pro reitoria superintendencia academica,EDUCAÇÃO,- - COMÉRCIO VAREJISTA DE PRODUTOS NOVOS NÃO ESPECIFICADOS ANTERIORMENTE E DE PRODUTOS USADOS,NÃO DEFINIDO,- - COMÉRCIO VAREJISTA DE PRODUTOS NOVOS NÃO ESPECIFICADOS ANTERIORMENTE E DE PRODUTOS USADOS,"ARTES, CULTURA, ESPORTE E RECREAÇÃO","ADMINISTRAÇÃO PÚBLICA, DEFESA E SEGURIDADE SOCIAL",0
1628,produtos alimenticos,"- - COMÉRCIO VAREJISTA DE PRODUTOS ALIMENTÍCIOS, BEBIDAS E FUMO",- - COMÉRCIO VAREJISTA DE PRODUTOS NOVOS NÃO ESPECIFICADOS ANTERIORMENTE E DE PRODUTOS USADOS,- - COMÉRCIO VAREJISTA DE PRODUTOS NOVOS NÃO ESPECIFICADOS ANTERIORMENTE E DE PRODUTOS USADOS,"- - COMÉRCIO VAREJISTA DE PRODUTOS FARMACÊUTICOS, PERFUMARIA E COSMÉTICOS E ARTIGOS MÉDICOS, ÓPTICOS E ORTOPÉDICOS",INDÚSTRIAS EXTRATIVAS,"- - COMÉRCIO VAREJISTA DE PRODUTOS FARMACÊUTICOS, PERFUMARIA E COSMÉTICOS E ARTIGOS MÉDICOS, ÓPTICOS E ORTOPÉDICOS",0
1630,projeto de inclusao digital beija flor,EDUCAÇÃO,- - COMÉRCIO VAREJISTA DE PRODUTOS NOVOS NÃO ESPECIFICADOS ANTERIORMENTE E DE PRODUTOS USADOS,- - COMÉRCIO VAREJISTA DE PRODUTOS NOVOS NÃO ESPECIFICADOS ANTERIORMENTE E DE PRODUTOS USADOS,- - COMÉRCIO VAREJISTA DE PRODUTOS NOVOS NÃO ESPECIFICADOS ANTERIORMENTE E DE PRODUTOS USADOS,OUTRAS ATIVIDADES DE SERVIÇOS,INFORMAÇÃO E COMUNICAÇÃO,0
1636,quinutri alimentos,"- - COMÉRCIO VAREJISTA DE PRODUTOS ALIMENTÍCIOS, BEBIDAS E FUMO","- - - COMÉRCIO VAREJISTA DE MERCADORIAS EM GERAL, COM PREDOMINÂNCIA DE PRODUTOS ALIMENTÍCIOS - MINIMERCADOS, MERCEARIAS E ARMAZÉNS",NÃO DEFINIDO,"- - - COMÉRCIO VAREJISTA DE MERCADORIAS EM GERAL, COM PREDOMINÂNCIA DE PRODUTOS ALIMENTÍCIOS - MINIMERCADOS, MERCEARIAS E ARMAZÉNS",INDÚSTRIAS EXTRATIVAS,"AGRICULTURA, PECUÁRIA, PRODUÇÃO FLORESTAL, PESCA E AQUICULTURA",0
1637,quiosque estrela do mar,- ALIMENTAÇÃO,- - COMÉRCIO VAREJISTA DE PRODUTOS NOVOS NÃO ESPECIFICADOS ANTERIORMENTE E DE PRODUTOS USADOS,"ARTES, CULTURA, ESPORTE E RECREAÇÃO",- - COMÉRCIO VAREJISTA DE PRODUTOS NOVOS NÃO ESPECIFICADOS ANTERIORMENTE E DE PRODUTOS USADOS,INDÚSTRIAS EXTRATIVAS,"AGRICULTURA, PECUÁRIA, PRODUÇÃO FLORESTAL, PESCA E AQUICULTURA",0
1638,quiosqui da praca gabriel moreira,- ALIMENTAÇÃO,"ARTES, CULTURA, ESPORTE E RECREAÇÃO","ARTES, CULTURA, ESPORTE E RECREAÇÃO","ARTES, CULTURA, ESPORTE E RECREAÇÃO","ARTES, CULTURA, ESPORTE E RECREAÇÃO","ARTES, CULTURA, ESPORTE E RECREAÇÃO",0
1639,racco equipamento de seguranca do trabal,- COMÉRCIO VAREJISTA,- - COMÉRCIO VAREJISTA DE PRODUTOS NOVOS NÃO ESPECIFICADOS ANTERIORMENTE E DE PRODUTOS USADOS,"ADMINISTRAÇÃO PÚBLICA, DEFESA E SEGURIDADE SOCIAL",- - COMÉRCIO VAREJISTA DE PRODUTOS NOVOS NÃO ESPECIFICADOS ANTERIORMENTE E DE PRODUTOS USADOS,NÃO DEFINIDO,"ATIVIDADES PROFISSIONAIS, CIENTÍFICAS E TÉCNICAS",0
1644,rancho para festa,"ARTES, CULTURA, ESPORTE E RECREAÇÃO",- - COMÉRCIO VAREJISTA DE PRODUTOS NOVOS NÃO ESPECIFICADOS ANTERIORMENTE E DE PRODUTOS USADOS,- - COMÉRCIO VAREJISTA DE PRODUTOS NOVOS NÃO ESPECIFICADOS ANTERIORMENTE E DE PRODUTOS USADOS,- - COMÉRCIO VAREJISTA DE PRODUTOS NOVOS NÃO ESPECIFICADOS ANTERIORMENTE E DE PRODUTOS USADOS,ATIVIDADES ADMINISTRATIVAS E SERVIÇOS COMPLEMENTARES,"AGRICULTURA, PECUÁRIA, PRODUÇÃO FLORESTAL, PESCA E AQUICULTURA",0
1649,reciclagem de produtos plasticos,"ÁGUA, ESGOTO, ATIVIDADES DE GESTÃO DE RESÍDUOS E DESCONTAMINAÇÃO",- - COMÉRCIO VAREJISTA DE PRODUTOS NOVOS NÃO ESPECIFICADOS ANTERIORMENTE E DE PRODUTOS USADOS,"- - COMÉRCIO VAREJISTA DE PRODUTOS FARMACÊUTICOS, PERFUMARIA E COSMÉTICOS E ARTIGOS MÉDICOS, ÓPTICOS E ORTOPÉDICOS","- - COMÉRCIO VAREJISTA DE PRODUTOS FARMACÊUTICOS, PERFUMARIA E COSMÉTICOS E ARTIGOS MÉDICOS, ÓPTICOS E ORTOPÉDICOS",NÃO DEFINIDO,- - COMÉRCIO VAREJISTA DE PRODUTOS NOVOS NÃO ESPECIFICADOS ANTERIORMENTE E DE PRODUTOS USADOS,0
1653,reforma de sofa,OUTRAS ATIVIDADES DE SERVIÇOS,- - COMÉRCIO VAREJISTA DE PRODUTOS NOVOS NÃO ESPECIFICADOS ANTERIORMENTE E DE PRODUTOS USADOS,- - COMÉRCIO VAREJISTA DE PRODUTOS NOVOS NÃO ESPECIFICADOS ANTERIORMENTE E DE PRODUTOS USADOS,- - COMÉRCIO VAREJISTA DE PRODUTOS NOVOS NÃO ESPECIFICADOS ANTERIORMENTE E DE PRODUTOS USADOS,NÃO DEFINIDO,"ADMINISTRAÇÃO PÚBLICA, DEFESA E SEGURIDADE SOCIAL",0
1654,reformadora de moveis,OUTRAS ATIVIDADES DE SERVIÇOS,- - COMÉRCIO VAREJISTA DE PRODUTOS NOVOS NÃO ESPECIFICADOS ANTERIORMENTE E DE PRODUTOS USADOS,- - COMÉRCIO VAREJISTA DE PRODUTOS NOVOS NÃO ESPECIFICADOS ANTERIORMENTE E DE PRODUTOS USADOS,- - COMÉRCIO VAREJISTA DE PRODUTOS NOVOS NÃO ESPECIFICADOS ANTERIORMENTE E DE PRODUTOS USADOS,- - COMÉRCIO VAREJISTA DE EQUIPAMENTOS DE INFORMÁTICA E COMUNICAÇÃO; EQUIPAMENTOS E ARTIGOS DE USO DOMÉSTICO,- - COMÉRCIO VAREJISTA DE EQUIPAMENTOS DE INFORMÁTICA E COMUNICAÇÃO; EQUIPAMENTOS E ARTIGOS DE USO DOMÉSTICO,0
1655,registro civil,"ADMINISTRAÇÃO PÚBLICA, DEFESA E SEGURIDADE SOCIAL","ATIVIDADES PROFISSIONAIS, CIENTÍFICAS E TÉCNICAS","ATIVIDADES PROFISSIONAIS, CIENTÍFICAS E TÉCNICAS","ATIVIDADES PROFISSIONAIS, CIENTÍFICAS E TÉCNICAS","ATIVIDADES PROFISSIONAIS, CIENTÍFICAS E TÉCNICAS","ATIVIDADES PROFISSIONAIS, CIENTÍFICAS E TÉCNICAS",0
1656,registro de imoveis oficio,"ADMINISTRAÇÃO PÚBLICA, DEFESA E SEGURIDADE SOCIAL","ATIVIDADES PROFISSIONAIS, CIENTÍFICAS E TÉCNICAS","ATIVIDADES PROFISSIONAIS, CIENTÍFICAS E TÉCNICAS","ATIVIDADES PROFISSIONAIS, CIENTÍFICAS E TÉCNICAS",ATIVIDADES IMOBILIÁRIAS,"ATIVIDADES PROFISSIONAIS, CIENTÍFICAS E TÉCNICAS",0
1675,rotisserie feito em casa,- ALIMENTAÇÃO,- - COMÉRCIO VAREJISTA DE PRODUTOS NOVOS NÃO ESPECIFICADOS ANTERIORMENTE E DE PRODUTOS USADOS,OBRAS,- - COMÉRCIO VAREJISTA DE PRODUTOS NOVOS NÃO ESPECIFICADOS ANTERIORMENTE E DE PRODUTOS USADOS,- COMÉRCIO E REPARAÇÃO DE VEÍCULOS AUTOMOTORES E MOTOCICLETAS,- COMÉRCIO E REPARAÇÃO DE VEÍCULOS AUTOMOTORES E MOTOCICLETAS,0
1681,sacolao,"- - - COMÉRCIO VAREJISTA DE MERCADORIAS EM GERAL, COM PREDOMINÂNCIA DE PRODUTOS ALIMENTÍCIOS - MINIMERCADOS, MERCEARIAS E ARMAZÉNS","- - COMÉRCIO VAREJISTA DE PRODUTOS ALIMENTÍCIOS, BEBIDAS E FUMO","- - COMÉRCIO VAREJISTA DE PRODUTOS ALIMENTÍCIOS, BEBIDAS E FUMO","- - COMÉRCIO VAREJISTA DE PRODUTOS ALIMENTÍCIOS, BEBIDAS E FUMO","- - COMÉRCIO VAREJISTA DE PRODUTOS ALIMENTÍCIOS, BEBIDAS E FUMO","- - COMÉRCIO VAREJISTA DE PRODUTOS ALIMENTÍCIOS, BEBIDAS E FUMO",0
1682,sacolao do luiz,"- - - COMÉRCIO VAREJISTA DE MERCADORIAS EM GERAL, COM PREDOMINÂNCIA DE PRODUTOS ALIMENTÍCIOS - MINIMERCADOS, MERCEARIAS E ARMAZÉNS","- - COMÉRCIO VAREJISTA DE PRODUTOS ALIMENTÍCIOS, BEBIDAS E FUMO","- - COMÉRCIO VAREJISTA DE PRODUTOS ALIMENTÍCIOS, BEBIDAS E FUMO","- - COMÉRCIO VAREJISTA DE PRODUTOS ALIMENTÍCIOS, BEBIDAS E FUMO","- - COMÉRCIO VAREJISTA DE PRODUTOS ALIMENTÍCIOS, BEBIDAS E FUMO","- - COMÉRCIO VAREJISTA DE PRODUTOS ALIMENTÍCIOS, BEBIDAS E FUMO",0
1684,sacolao j e,"- - - COMÉRCIO VAREJISTA DE MERCADORIAS EM GERAL, COM PREDOMINÂNCIA DE PRODUTOS ALIMENTÍCIOS - MINIMERCADOS, MERCEARIAS E ARMAZÉNS","- - COMÉRCIO VAREJISTA DE PRODUTOS ALIMENTÍCIOS, BEBIDAS E FUMO","- - COMÉRCIO VAREJISTA DE PRODUTOS ALIMENTÍCIOS, BEBIDAS E FUMO","- - COMÉRCIO VAREJISTA DE PRODUTOS ALIMENTÍCIOS, BEBIDAS E FUMO","- - COMÉRCIO VAREJISTA DE PRODUTOS ALIMENTÍCIOS, BEBIDAS E FUMO","- - COMÉRCIO VAREJISTA DE PRODUTOS ALIMENTÍCIOS, BEBIDAS E FUMO",0
1685,sacolao pomar,"- - - COMÉRCIO VAREJISTA DE MERCADORIAS EM GERAL, COM PREDOMINÂNCIA DE PRODUTOS ALIMENTÍCIOS - MINIMERCADOS, MERCEARIAS E ARMAZÉNS",- - COMÉRCIO VAREJISTA DE PRODUTOS NOVOS NÃO ESPECIFICADOS ANTERIORMENTE E DE PRODUTOS USADOS,"- - COMÉRCIO VAREJISTA DE PRODUTOS ALIMENTÍCIOS, BEBIDAS E FUMO",- - COMÉRCIO VAREJISTA DE PRODUTOS NOVOS NÃO ESPECIFICADOS ANTERIORMENTE E DE PRODUTOS USADOS,"- - COMÉRCIO VAREJISTA DE PRODUTOS ALIMENTÍCIOS, BEBIDAS E FUMO","- - COMÉRCIO VAREJISTA DE PRODUTOS ALIMENTÍCIOS, BEBIDAS E FUMO",0
1686,sala comercial,NÃO DEFINIDO,- COMÉRCIO VAREJISTA,- COMÉRCIO VAREJISTA,- COMÉRCIO VAREJISTA,- COMÉRCIO VAREJISTA,- COMÉRCIO VAREJISTA,0
1697,salao bias,OUTRAS ATIVIDADES DE SERVIÇOS,"IGREJAS, TEMPLOS E ATIVIDADES RELIGIOSAS",DESOCUPADO,"IGREJAS, TEMPLOS E ATIVIDADES RELIGIOSAS",- TRANSPORTE AQUAVIÁRIO,- - COMÉRCIO VAREJISTA DE PRODUTOS NOVOS NÃO ESPECIFICADOS ANTERIORMENTE E DE PRODUTOS USADOS,0
1702,salao comercial,NÃO DEFINIDO,- COMÉRCIO VAREJISTA,DESOCUPADO,- COMÉRCIO VAREJISTA,- COMÉRCIO VAREJISTA,- COMÉRCIO VAREJISTA,0
1704,salao comunitario monte belo,"ARTES, CULTURA, ESPORTE E RECREAÇÃO","IGREJAS, TEMPLOS E ATIVIDADES RELIGIOSAS","IGREJAS, TEMPLOS E ATIVIDADES RELIGIOSAS","IGREJAS, TEMPLOS E ATIVIDADES RELIGIOSAS",OUTRAS ATIVIDADES DE SERVIÇOS,"AGRICULTURA, PECUÁRIA, PRODUÇÃO FLORESTAL, PESCA E AQUICULTURA",0
1705,salao consuelo,OUTRAS ATIVIDADES DE SERVIÇOS,"IGREJAS, TEMPLOS E ATIVIDADES RELIGIOSAS",DESOCUPADO,"IGREJAS, TEMPLOS E ATIVIDADES RELIGIOSAS",ORGANISMOS INTERNACIONAIS E OUTRAS INSTITUIÇÕES EXTRATERRITORIAIS,- ALIMENTAÇÃO,0
1707,salao da miuda,OUTRAS ATIVIDADES DE SERVIÇOS,"IGREJAS, TEMPLOS E ATIVIDADES RELIGIOSAS","IGREJAS, TEMPLOS E ATIVIDADES RELIGIOSAS","IGREJAS, TEMPLOS E ATIVIDADES RELIGIOSAS",INFORMAÇÃO E COMUNICAÇÃO,- - COMÉRCIO VAREJISTA DE PRODUTOS NOVOS NÃO ESPECIFICADOS ANTERIORMENTE E DE PRODUTOS USADOS,0
1721,salao de eventos,"ARTES, CULTURA, ESPORTE E RECREAÇÃO","IGREJAS, TEMPLOS E ATIVIDADES RELIGIOSAS",DESOCUPADO,"IGREJAS, TEMPLOS E ATIVIDADES RELIGIOSAS",OUTRAS ATIVIDADES DE SERVIÇOS,- - COMÉRCIO VAREJISTA DE PRODUTOS NOVOS NÃO ESPECIFICADOS ANTERIORMENTE E DE PRODUTOS USADOS,0
1722,salao de festa,"ARTES, CULTURA, ESPORTE E RECREAÇÃO","IGREJAS, TEMPLOS E ATIVIDADES RELIGIOSAS","IGREJAS, TEMPLOS E ATIVIDADES RELIGIOSAS","IGREJAS, TEMPLOS E ATIVIDADES RELIGIOSAS",ATIVIDADES ADMINISTRATIVAS E SERVIÇOS COMPLEMENTARES,OUTRAS ATIVIDADES DE SERVIÇOS,0
1723,salao de festas filarmonica,"ARTES, CULTURA, ESPORTE E RECREAÇÃO","IGREJAS, TEMPLOS E ATIVIDADES RELIGIOSAS","IGREJAS, TEMPLOS E ATIVIDADES RELIGIOSAS","IGREJAS, TEMPLOS E ATIVIDADES RELIGIOSAS",ATIVIDADES ADMINISTRATIVAS E SERVIÇOS COMPLEMENTARES,OUTRAS ATIVIDADES DE SERVIÇOS,0
1730,salao prefeitura,"ARTES, CULTURA, ESPORTE E RECREAÇÃO","ADMINISTRAÇÃO PÚBLICA, DEFESA E SEGURIDADE SOCIAL","ADMINISTRAÇÃO PÚBLICA, DEFESA E SEGURIDADE SOCIAL","ADMINISTRAÇÃO PÚBLICA, DEFESA E SEGURIDADE SOCIAL","ADMINISTRAÇÃO PÚBLICA, DEFESA E SEGURIDADE SOCIAL","ADMINISTRAÇÃO PÚBLICA, DEFESA E SEGURIDADE SOCIAL",0
1736,santarem construcao,CONSTRUÇÃO,- - COMÉRCIO VAREJISTA DE MATERIAL DE CONSTRUÇÃO,- - COMÉRCIO VAREJISTA DE MATERIAL DE CONSTRUÇÃO,- - COMÉRCIO VAREJISTA DE MATERIAL DE CONSTRUÇÃO,OBRAS,- - COMÉRCIO VAREJISTA DE MATERIAL DE CONSTRUÇÃO,0
1739,secretaria da paroquia,"IGREJAS, TEMPLOS E ATIVIDADES RELIGIOSAS","ADMINISTRAÇÃO PÚBLICA, DEFESA E SEGURIDADE SOCIAL","ADMINISTRAÇÃO PÚBLICA, DEFESA E SEGURIDADE SOCIAL","ADMINISTRAÇÃO PÚBLICA, DEFESA E SEGURIDADE SOCIAL","ADMINISTRAÇÃO PÚBLICA, DEFESA E SEGURIDADE SOCIAL","ADMINISTRAÇÃO PÚBLICA, DEFESA E SEGURIDADE SOCIAL",0
1750,sede psf,SAÚDE HUMANA E SERVIÇOS SOCIAIS,- - COMÉRCIO VAREJISTA DE PRODUTOS NOVOS NÃO ESPECIFICADOS ANTERIORMENTE E DE PRODUTOS USADOS,NÃO DEFINIDO,- - COMÉRCIO VAREJISTA DE PRODUTOS NOVOS NÃO ESPECIFICADOS ANTERIORMENTE E DE PRODUTOS USADOS,NÃO DEFINIDO,- TRANSPORTE AÉREO,0
1753,sem informacao,NÃO DEFINIDO,DESOCUPADO,DESOCUPADO,DESOCUPADO,INFORMAÇÃO E COMUNICAÇÃO,DESOCUPADO,0
1756,serigrafia,INDÚSTRIAS DE TRANSFORMAÇÃO,- - COMÉRCIO VAREJISTA DE PRODUTOS NOVOS NÃO ESPECIFICADOS ANTERIORMENTE E DE PRODUTOS USADOS,NÃO DEFINIDO,- - COMÉRCIO VAREJISTA DE PRODUTOS NOVOS NÃO ESPECIFICADOS ANTERIORMENTE E DE PRODUTOS USADOS,NÃO DEFINIDO,"ATIVIDADES PROFISSIONAIS, CIENTÍFICAS E TÉCNICAS",0
1757,serigrafia em camisas  camisarte,INDÚSTRIAS DE TRANSFORMAÇÃO,OBRAS,- - COMÉRCIO VAREJISTA DE PRODUTOS NOVOS NÃO ESPECIFICADOS ANTERIORMENTE E DE PRODUTOS USADOS,OBRAS,NÃO DEFINIDO,"- - COMÉRCIO VAREJISTA DE ARTIGOS CULTURAIS, RECREATIVOS E ESPORTIVOS",0
1758,serralharia,INDÚSTRIAS DE TRANSFORMAÇÃO,- - COMÉRCIO VAREJISTA DE PRODUTOS NOVOS NÃO ESPECIFICADOS ANTERIORMENTE E DE PRODUTOS USADOS,NÃO DEFINIDO,- - COMÉRCIO VAREJISTA DE PRODUTOS NOVOS NÃO ESPECIFICADOS ANTERIORMENTE E DE PRODUTOS USADOS,NÃO DEFINIDO,"AGRICULTURA, PECUÁRIA, PRODUÇÃO FLORESTAL, PESCA E AQUICULTURA",0
1760,serraria,INDÚSTRIAS DE TRANSFORMAÇÃO,- - COMÉRCIO VAREJISTA DE PRODUTOS NOVOS NÃO ESPECIFICADOS ANTERIORMENTE E DE PRODUTOS USADOS,NÃO DEFINIDO,- - COMÉRCIO VAREJISTA DE PRODUTOS NOVOS NÃO ESPECIFICADOS ANTERIORMENTE E DE PRODUTOS USADOS,NÃO DEFINIDO,"AGRICULTURA, PECUÁRIA, PRODUÇÃO FLORESTAL, PESCA E AQUICULTURA",0
1761,serraria e movelaria maria bezerra,INDÚSTRIAS DE TRANSFORMAÇÃO,- - COMÉRCIO VAREJISTA DE PRODUTOS NOVOS NÃO ESPECIFICADOS ANTERIORMENTE E DE PRODUTOS USADOS,NÃO DEFINIDO,- - COMÉRCIO VAREJISTA DE PRODUTOS NOVOS NÃO ESPECIFICADOS ANTERIORMENTE E DE PRODUTOS USADOS,- - COMÉRCIO VAREJISTA DE PRODUTOS NOVOS NÃO ESPECIFICADOS ANTERIORMENTE E DE PRODUTOS USADOS,OUTRAS ATIVIDADES DE SERVIÇOS,0
1762,serraria rio balsa,INDÚSTRIAS DE TRANSFORMAÇÃO,- - COMÉRCIO VAREJISTA DE PRODUTOS NOVOS NÃO ESPECIFICADOS ANTERIORMENTE E DE PRODUTOS USADOS,- TRANSPORTE AQUAVIÁRIO,- - COMÉRCIO VAREJISTA DE PRODUTOS NOVOS NÃO ESPECIFICADOS ANTERIORMENTE E DE PRODUTOS USADOS,- TRANSPORTE AQUAVIÁRIO,"AGRICULTURA, PECUÁRIA, PRODUÇÃO FLORESTAL, PESCA E AQUICULTURA",0
1764,servico de assistencia em informatica,OUTRAS ATIVIDADES DE SERVIÇOS,- - COMÉRCIO VAREJISTA DE EQUIPAMENTOS DE INFORMÁTICA E COMUNICAÇÃO; EQUIPAMENTOS E ARTIGOS DE USO DOMÉSTICO,INFORMAÇÃO E COMUNICAÇÃO,- - COMÉRCIO VAREJISTA DE EQUIPAMENTOS DE INFORMÁTICA E COMUNICAÇÃO; EQUIPAMENTOS E ARTIGOS DE USO DOMÉSTICO,INFORMAÇÃO E COMUNICAÇÃO,INFORMAÇÃO E COMUNICAÇÃO,0
1767,servico de marmores,CONSTRUÇÃO,- - COMÉRCIO VAREJISTA DE PRODUTOS NOVOS NÃO ESPECIFICADOS ANTERIORMENTE E DE PRODUTOS USADOS,INFORMAÇÃO E COMUNICAÇÃO,- - COMÉRCIO VAREJISTA DE PRODUTOS NOVOS NÃO ESPECIFICADOS ANTERIORMENTE E DE PRODUTOS USADOS,INDÚSTRIAS EXTRATIVAS,- - COMÉRCIO VAREJISTA DE MATERIAL DE CONSTRUÇÃO,0
1769,servico portuario,- TRANSPORTE AQUAVIÁRIO,- - COMÉRCIO VAREJISTA DE PRODUTOS NOVOS NÃO ESPECIFICADOS ANTERIORMENTE E DE PRODUTOS USADOS,NÃO DEFINIDO,- - COMÉRCIO VAREJISTA DE PRODUTOS NOVOS NÃO ESPECIFICADOS ANTERIORMENTE E DE PRODUTOS USADOS,NÃO DEFINIDO,"ÁGUA, ESGOTO, ATIVIDADES DE GESTÃO DE RESÍDUOS E DESCONTAMINAÇÃO",0
1774,setor de obras,CONSTRUÇÃO,"ADMINISTRAÇÃO PÚBLICA, DEFESA E SEGURIDADE SOCIAL","ADMINISTRAÇÃO PÚBLICA, DEFESA E SEGURIDADE SOCIAL","ADMINISTRAÇÃO PÚBLICA, DEFESA E SEGURIDADE SOCIAL",NÃO DEFINIDO,OBRAS,0
1781,sindicato dos correios,OUTRAS ATIVIDADES DE SERVIÇOS,- CORREIO E OUTRAS ATIVIDADES DE ENTREGA,- CORREIO E OUTRAS ATIVIDADES DE ENTREGA,- CORREIO E OUTRAS ATIVIDADES DE ENTREGA,- CORREIO E OUTRAS ATIVIDADES DE ENTREGA,- CORREIO E OUTRAS ATIVIDADES DE ENTREGA,0
1789,sls terceirizacao em servicos,ATIVIDADES ADMINISTRATIVAS E SERVIÇOS COMPLEMENTARES,- - COMÉRCIO VAREJISTA DE PRODUTOS NOVOS NÃO ESPECIFICADOS ANTERIORMENTE E DE PRODUTOS USADOS,- - COMÉRCIO VAREJISTA DE PRODUTOS NOVOS NÃO ESPECIFICADOS ANTERIORMENTE E DE PRODUTOS USADOS,OBRAS,"ARTES, CULTURA, ESPORTE E RECREAÇÃO",CONSTRUÇÃO,0
1790,smk tercerisacao em moves tubulares,ATIVIDADES ADMINISTRATIVAS E SERVIÇOS COMPLEMENTARES,OBRAS,- - COMÉRCIO VAREJISTA DE PRODUTOS NOVOS NÃO ESPECIFICADOS ANTERIORMENTE E DE PRODUTOS USADOS,OBRAS,- - COMÉRCIO VAREJISTA DE EQUIPAMENTOS DE INFORMÁTICA E COMUNICAÇÃO; EQUIPAMENTOS E ARTIGOS DE USO DOMÉSTICO,EDUCAÇÃO,0
1794,soveteria,- ALIMENTAÇÃO,- - COMÉRCIO VAREJISTA DE PRODUTOS NOVOS NÃO ESPECIFICADOS ANTERIORMENTE E DE PRODUTOS USADOS,NÃO DEFINIDO,- - COMÉRCIO VAREJISTA DE PRODUTOS NOVOS NÃO ESPECIFICADOS ANTERIORMENTE E DE PRODUTOS USADOS,NÃO DEFINIDO,- COMÉRCIO E REPARAÇÃO DE VEÍCULOS AUTOMOTORES E MOTOCICLETAS,0
1795,spider lan house e locadora,INFORMAÇÃO E COMUNICAÇÃO,ATIVIDADES ADMINISTRATIVAS E SERVIÇOS COMPLEMENTARES,ATIVIDADES ADMINISTRATIVAS E SERVIÇOS COMPLEMENTARES,ATIVIDADES ADMINISTRATIVAS E SERVIÇOS COMPLEMENTARES,ATIVIDADES ADMINISTRATIVAS E SERVIÇOS COMPLEMENTARES,ATIVIDADES ADMINISTRATIVAS E SERVIÇOS COMPLEMENTARES,0
1810,supermecado aeroporto,"- - - COMÉRCIO VAREJISTA DE MERCADORIAS EM GERAL, COM PREDOMINÂNCIA DE PRODUTOS ALIMENTÍCIOS - HIPERMERCADOS E SUPERMERCADOS",- TRANSPORTE AÉREO,- TRANSPORTE AÉREO,- - COMÉRCIO VAREJISTA DE PRODUTOS NOVOS NÃO ESPECIFICADOS ANTERIORMENTE E DE PRODUTOS USADOS,- TRANSPORTE AÉREO,- TRANSPORTE AÉREO,0
1851,telecentro,INFORMAÇÃO E COMUNICAÇÃO,ATIVIDADES ADMINISTRATIVAS E SERVIÇOS COMPLEMENTARES,ATIVIDADES ADMINISTRATIVAS E SERVIÇOS COMPLEMENTARES,ATIVIDADES ADMINISTRATIVAS E SERVIÇOS COMPLEMENTARES,NÃO DEFINIDO,ATIVIDADES ADMINISTRATIVAS E SERVIÇOS COMPLEMENTARES,0
1855,terminal de microonibos,- TRANSPORTE TERRESTRE,- - COMÉRCIO VAREJISTA DE PRODUTOS NOVOS NÃO ESPECIFICADOS ANTERIORMENTE E DE PRODUTOS USADOS,- - COMÉRCIO VAREJISTA DE PRODUTOS NOVOS NÃO ESPECIFICADOS ANTERIORMENTE E DE PRODUTOS USADOS,- - COMÉRCIO VAREJISTA DE PRODUTOS NOVOS NÃO ESPECIFICADOS ANTERIORMENTE E DE PRODUTOS USADOS,NÃO DEFINIDO,- TRANSPORTE AÉREO,0
1862,torre celular,OUTRAS ATIVIDADES DE SERVIÇOS,INFORMAÇÃO E COMUNICAÇÃO,INFORMAÇÃO E COMUNICAÇÃO,INFORMAÇÃO E COMUNICAÇÃO,- - COMÉRCIO VAREJISTA DE EQUIPAMENTOS DE INFORMÁTICA E COMUNICAÇÃO; EQUIPAMENTOS E ARTIGOS DE USO DOMÉSTICO,INFORMAÇÃO E COMUNICAÇÃO,0
1863,torre da cx dagua,"ÁGUA, ESGOTO, ATIVIDADES DE GESTÃO DE RESÍDUOS E DESCONTAMINAÇÃO",INFORMAÇÃO E COMUNICAÇÃO,INFORMAÇÃO E COMUNICAÇÃO,INFORMAÇÃO E COMUNICAÇÃO,- - COMÉRCIO VAREJISTA DE EQUIPAMENTOS DE INFORMÁTICA E COMUNICAÇÃO; EQUIPAMENTOS E ARTIGOS DE USO DOMÉSTICO,INFORMAÇÃO E COMUNICAÇÃO,0
1883,tuico alimentos,"- - COMÉRCIO VAREJISTA DE PRODUTOS ALIMENTÍCIOS, BEBIDAS E FUMO","- - - COMÉRCIO VAREJISTA DE MERCADORIAS EM GERAL, COM PREDOMINÂNCIA DE PRODUTOS ALIMENTÍCIOS - MINIMERCADOS, MERCEARIAS E ARMAZÉNS",NÃO DEFINIDO,"- - - COMÉRCIO VAREJISTA DE MERCADORIAS EM GERAL, COM PREDOMINÂNCIA DE PRODUTOS ALIMENTÍCIOS - MINIMERCADOS, MERCEARIAS E ARMAZÉNS",INDÚSTRIAS EXTRATIVAS,- ARMAZENAMENTO E ATIVIDADES AUXILIARES DOS TRANSPORTES,0
1889,unico,NÃO DEFINIDO,"AGRICULTURA, PECUÁRIA, PRODUÇÃO FLORESTAL, PESCA E AQUICULTURA","AGRICULTURA, PECUÁRIA, PRODUÇÃO FLORESTAL, PESCA E AQUICULTURA","AGRICULTURA, PECUÁRIA, PRODUÇÃO FLORESTAL, PESCA E AQUICULTURA","AGRICULTURA, PECUÁRIA, PRODUÇÃO FLORESTAL, PESCA E AQUICULTURA",INDÚSTRIAS DE TRANSFORMAÇÃO,0
1895,varegista de eletro domestico,- - COMÉRCIO VAREJISTA DE EQUIPAMENTOS DE INFORMÁTICA E COMUNICAÇÃO; EQUIPAMENTOS E ARTIGOS DE USO DOMÉSTICO,- - COMÉRCIO VAREJISTA DE PRODUTOS NOVOS NÃO ESPECIFICADOS ANTERIORMENTE E DE PRODUTOS USADOS,OUTRAS ATIVIDADES DE SERVIÇOS,- - COMÉRCIO VAREJISTA DE PRODUTOS NOVOS NÃO ESPECIFICADOS ANTERIORMENTE E DE PRODUTOS USADOS,ELETRICIDADE E GÁS,"AGRICULTURA, PECUÁRIA, PRODUÇÃO FLORESTAL, PESCA E AQUICULTURA",0
1896,varejo de bebidas,"- - COMÉRCIO VAREJISTA DE PRODUTOS ALIMENTÍCIOS, BEBIDAS E FUMO",- - COMÉRCIO VAREJISTA DE PRODUTOS NOVOS NÃO ESPECIFICADOS ANTERIORMENTE E DE PRODUTOS USADOS,- ALIMENTAÇÃO,"- COMÉRCIO POR ATACADO, EXCETO VEÍCULOS AUTOMOTORES E MOTOCICLETAS",- ALIMENTAÇÃO,- - COMÉRCIO VAREJISTA DE PRODUTOS NOVOS NÃO ESPECIFICADOS ANTERIORMENTE E DE PRODUTOS USADOS,0
1898,vela de barco,NÃO DEFINIDO,- - COMÉRCIO VAREJISTA DE PRODUTOS NOVOS NÃO ESPECIFICADOS ANTERIORMENTE E DE PRODUTOS USADOS,- - COMÉRCIO VAREJISTA DE PRODUTOS NOVOS NÃO ESPECIFICADOS ANTERIORMENTE E DE PRODUTOS USADOS,- - COMÉRCIO VAREJISTA DE PRODUTOS NOVOS NÃO ESPECIFICADOS ANTERIORMENTE E DE PRODUTOS USADOS,- TRANSPORTE AQUAVIÁRIO,INDÚSTRIAS DE TRANSFORMAÇÃO,0
1900,venda de agua mineral,"- - COMÉRCIO VAREJISTA DE PRODUTOS ALIMENTÍCIOS, BEBIDAS E FUMO",- - COMÉRCIO VAREJISTA DE PRODUTOS NOVOS NÃO ESPECIFICADOS ANTERIORMENTE E DE PRODUTOS USADOS,"ÁGUA, ESGOTO, ATIVIDADES DE GESTÃO DE RESÍDUOS E DESCONTAMINAÇÃO","ÁGUA, ESGOTO, ATIVIDADES DE GESTÃO DE RESÍDUOS E DESCONTAMINAÇÃO",- COMÉRCIO VAREJISTA,- - COMÉRCIO VAREJISTA DE MATERIAL DE CONSTRUÇÃO,0
1901,venda de bebidas,"- - COMÉRCIO VAREJISTA DE PRODUTOS ALIMENTÍCIOS, BEBIDAS E FUMO","- - - COMÉRCIO VAREJISTA DE MERCADORIAS EM GERAL, COM PREDOMINÂNCIA DE PRODUTOS ALIMENTÍCIOS - MINIMERCADOS, MERCEARIAS E ARMAZÉNS",- ALIMENTAÇÃO,"- - - COMÉRCIO VAREJISTA DE MERCADORIAS EM GERAL, COM PREDOMINÂNCIA DE PRODUTOS ALIMENTÍCIOS - MINIMERCADOS, MERCEARIAS E ARMAZÉNS",- ALIMENTAÇÃO,- - COMÉRCIO VAREJISTA DE PRODUTOS NOVOS NÃO ESPECIFICADOS ANTERIORMENTE E DE PRODUTOS USADOS,0
1903,venda de frutas,"- - COMÉRCIO VAREJISTA DE PRODUTOS ALIMENTÍCIOS, BEBIDAS E FUMO","- - - COMÉRCIO VAREJISTA DE MERCADORIAS EM GERAL, COM PREDOMINÂNCIA DE PRODUTOS ALIMENTÍCIOS - MINIMERCADOS, MERCEARIAS E ARMAZÉNS","- COMÉRCIO POR ATACADO, EXCETO VEÍCULOS AUTOMOTORES E MOTOCICLETAS","- - - COMÉRCIO VAREJISTA DE MERCADORIAS EM GERAL, COM PREDOMINÂNCIA DE PRODUTOS ALIMENTÍCIOS - MINIMERCADOS, MERCEARIAS E ARMAZÉNS",- COMÉRCIO VAREJISTA,- - COMÉRCIO VAREJISTA NÃO ESPECIALIZADO,0
1906,venda de produtos alimenticios,"- - COMÉRCIO VAREJISTA DE PRODUTOS ALIMENTÍCIOS, BEBIDAS E FUMO","- - - COMÉRCIO VAREJISTA DE MERCADORIAS EM GERAL, COM PREDOMINÂNCIA DE PRODUTOS ALIMENTÍCIOS - MINIMERCADOS, MERCEARIAS E ARMAZÉNS","- - - COMÉRCIO VAREJISTA DE MERCADORIAS EM GERAL, COM PREDOMINÂNCIA DE PRODUTOS ALIMENTÍCIOS - MINIMERCADOS, MERCEARIAS E ARMAZÉNS","- - - COMÉRCIO VAREJISTA DE MERCADORIAS EM GERAL, COM PREDOMINÂNCIA DE PRODUTOS ALIMENTÍCIOS - MINIMERCADOS, MERCEARIAS E ARMAZÉNS",- COMÉRCIO VAREJISTA,- - COMÉRCIO VAREJISTA DE PRODUTOS NOVOS NÃO ESPECIFICADOS ANTERIORMENTE E DE PRODUTOS USADOS,0
1907,venda de utilidades domestica,- - COMÉRCIO VAREJISTA DE EQUIPAMENTOS DE INFORMÁTICA E COMUNICAÇÃO; EQUIPAMENTOS E ARTIGOS DE USO DOMÉSTICO,- - COMÉRCIO VAREJISTA DE PRODUTOS NOVOS NÃO ESPECIFICADOS ANTERIORMENTE E DE PRODUTOS USADOS,- - COMÉRCIO VAREJISTA DE PRODUTOS NOVOS NÃO ESPECIFICADOS ANTERIORMENTE E DE PRODUTOS USADOS,- - COMÉRCIO VAREJISTA DE PRODUTOS NOVOS NÃO ESPECIFICADOS ANTERIORMENTE E DE PRODUTOS USADOS,- - COMÉRCIO VAREJISTA NÃO ESPECIALIZADO,- - COMÉRCIO VAREJISTA DE PRODUTOS NOVOS NÃO ESPECIFICADOS ANTERIORMENTE E DE PRODUTOS USADOS,0
1908,venda do peixe,"- - COMÉRCIO VAREJISTA DE PRODUTOS ALIMENTÍCIOS, BEBIDAS E FUMO","- - - COMÉRCIO VAREJISTA DE MERCADORIAS EM GERAL, COM PREDOMINÂNCIA DE PRODUTOS ALIMENTÍCIOS - MINIMERCADOS, MERCEARIAS E ARMAZÉNS","- - - COMÉRCIO VAREJISTA DE MERCADORIAS EM GERAL, COM PREDOMINÂNCIA DE PRODUTOS ALIMENTÍCIOS - MINIMERCADOS, MERCEARIAS E ARMAZÉNS","- - - COMÉRCIO VAREJISTA DE MERCADORIAS EM GERAL, COM PREDOMINÂNCIA DE PRODUTOS ALIMENTÍCIOS - MINIMERCADOS, MERCEARIAS E ARMAZÉNS","AGRICULTURA, PECUÁRIA, PRODUÇÃO FLORESTAL, PESCA E AQUICULTURA","- - - COMÉRCIO VAREJISTA DE MERCADORIAS EM GERAL, COM PREDOMINÂNCIA DE PRODUTOS ALIMENTÍCIOS - MINIMERCADOS, MERCEARIAS E ARMAZÉNS",0
1911,viamento,- - COMÉRCIO VAREJISTA DE EQUIPAMENTOS DE INFORMÁTICA E COMUNICAÇÃO; EQUIPAMENTOS E ARTIGOS DE USO DOMÉSTICO,- - COMÉRCIO VAREJISTA DE PRODUTOS NOVOS NÃO ESPECIFICADOS ANTERIORMENTE E DE PRODUTOS USADOS,NÃO DEFINIDO,- - COMÉRCIO VAREJISTA DE PRODUTOS NOVOS NÃO ESPECIFICADOS ANTERIORMENTE E DE PRODUTOS USADOS,NÃO DEFINIDO,- TRANSPORTE TERRESTRE,0
